"subject_name","subject_key","role","research_status","source_page_url","original_media_url","creator","source_date","width_px","height_px","license_id","license_url","identity_evidence","crop_suitability","review_notes","fallback_asset_id","reviewed_utc"
"A. R. Rahman","a-r-rahman","singer","approved","https://commons.wikimedia.org/wiki/File:A.R._Rahman_at_the_2025_Toronto_International_Film_Festival.jpg","https://upload.wikimedia.org/wikipedia/commons/1/14/A.R._Rahman_at_the_2025_Toronto_International_Film_Festival.jpg","Desmond Herzfelder","","6000","4000","CC-BY-4.0","https://creativecommons.org/licenses/by/4.0","A.R. Rahman, composer, at the 2025 Toronto International Film Festival (TIFF) for the movie Gandhi .","Excellent high-resolution solo event portrait; face remains clear at guide size.","No correction needed Exact subject is identified by the Commons file title/description and visually matches the named singer. Attribute author/source, retain license link, and identify background removal/cropping as modifications. Copyright license does not waive personality/publicity rights; use as factual EPG identification, not endorsement, and review local requirements before commercial release. not required; neutral microphone remains safe fallback Source license statement: CC BY 4.0. An approved cutout for this exact subject already exists in the production icon catalog; preserve it unless a replacement is reviewed intentionally.","category-music-microphone-v3","2026-09-19"
"Abhay Deol","abhay-deol","actor","approved","https://commons.wikimedia.org/wiki/File:Abhay_Deol_in_2021_(2).jpg","https://upload.wikimedia.org/wikipedia/commons/5/51/Abhay_Deol_in_2021_%282%29.jpg","Tina Dahel","2021-07-06","1800","2700","CC-BY-SA-4.0","https://creativecommons.org/licenses/by-sa/4.0/","File description explicitly identifies Bollywood actor Abhay Deol; exact-name Commons category corroborates identity.","High-resolution solo vertical portrait; excellent head-and-shoulders crop with ample edge room.","Record attribution and mark the transparent cutout as an adaptation; ShareAlike applies. Source license statement: CC BY-SA 4.0.","category-movie-clapperboard-v3","2026-09-19"
"Abhijeet Bhattacharya","abhijeet-bhattacharya","singer","approved","https://commons.wikimedia.org/wiki/File:Abhijeet_Bhattacharya.jpg","https://upload.wikimedia.org/wikipedia/commons/b/b5/Abhijeet_Bhattacharya.jpg","Bollywood Hungama","","405","461","CC-BY-3.0","https://creativecommons.org/licenses/by/3.0","Abhijeet Bhattacharya at launch Ravindra Jain’s book ‘Dil Ki Nazar Se’","Clean solo head-and-shoulders portrait; moderate resolution but sufficient for a 512px source cutout.","No correction needed Exact subject is identified by the Commons file title/description and visually matches the named singer. Attribute author/source, retain license link, and identify background removal/cropping as modifications. Copyright license does not waive personality/publicity rights; use as factual EPG identification, not endorsement, and review local requirements before commercial release. not required; neutral microphone remains safe fallback Source license statement: CC BY 3.0.","category-music-microphone-v3","2026-09-19"
"Abhishek Bachchan","abhishek-bachchan","actor","approved","https://commons.wikimedia.org/wiki/File:Abhishek_Bachchan_in_2025.jpg","https://upload.wikimedia.org/wikipedia/commons/1/13/Abhishek_Bachchan_in_2025.jpg","Bollywood Hungama","2025-03-05","585","798","CC-BY-3.0","https://creativecommons.org/licenses/by/3.0/","File description names Abhishek Bachchan at a Be Happy promotion; exact-person event photograph.","Solo vertical event portrait; enough resolution for a centered head-and-torso icon.","Bollywood Hungama VRT-licensed event photo; retain source-page attribution. Source license statement: CC BY 3.0.","category-movie-clapperboard-v3","2026-09-19"
"Abrar-ul-Haq","abrar-ul-haq","singer","approved","https://commons.wikimedia.org/wiki/File:Abrar-ul-Haq_2014-05-10.jpg","https://commons.wikimedia.org/wiki/Special:Redirect/file/Abrar-ul-Haq_2014-05-10.jpg","Robert Thivierge (Thivierr)","","3168","3168","CC-BY-SA-3.0","https://creativecommons.org/licenses/by-sa/3.0/","confirmed Commons self-published own-work declaration with named photographer and event description","High-resolution square event portrait; strong crop latitude","APPROVED FOR PORTRAIT DESIGN Keep author credit, source, license link, modification notice, and compatible share-alike terms Source license statement: CC BY-SA 3.0.","category-music-microphone-v3","2026-09-19"
"Adnan Sami","adnan-sami","singer","approved","https://commons.wikimedia.org/wiki/File:Adnansami2.jpg","https://upload.wikimedia.org/wikipedia/commons/d/d6/Adnansami2.jpg","786foster101","","2448","3696","CC-BY-SA-3.0","https://creativecommons.org/licenses/by-sa/3.0","Adnan Sami - In Concert","High-resolution solo concert image; full body with a recognizable face and clean separation.","No correction needed Exact subject is identified by the Commons file title/description and visually matches the named singer. Attribute author/source; release distributed cutout adaptation under the same or compatible ShareAlike license; retain license link and change notice. Copyright license does not waive personality/publicity rights; use as factual EPG identification, not endorsement, and review local requirements before commercial release. not required; neutral microphone remains safe fallback Source license statement: CC BY-SA 3.0.","category-music-microphone-v3","2026-09-19"
"Aftab Shivdasani","aftab-shivdasani","actor","approved","https://commons.wikimedia.org/wiki/File:Aftab_Shivdasani_(IIFA-2014).jpg","https://upload.wikimedia.org/wikipedia/commons/6/65/Aftab_Shivdasani_%28IIFA-2014%29.jpg","Laura Lee Dooley; derivative crop by Gpkp","2014-04-25 photo; derivative created 2024-07-26","2856","3000","CC-BY-2.0","https://creativecommons.org/licenses/by/2.0/","Exact actor is named in both the derivative and linked original IIFA file.","Large near-square portrait crop; excellent for face-and-shoulders extraction.","Reviewed provider spelling or alias: ""AFTAB SHIVDASNI"" maps exactly to ""Aftab Shivdasani"". Attribute Laura Lee Dooley and note the additional crop/adaptation. Source license statement: CC BY 2.0.","category-movie-clapperboard-v3","2026-09-19"
"Aima Baig","aima-baig","singer","conditional","https://commons.wikimedia.org/wiki/File:Aima_Baig_VOA_2023.png","https://commons.wikimedia.org/wiki/Special:Redirect/file/Aima_Baig_VOA_2023.png","VOA Urdu","","1080","1620","PD-USGov","https://commons.wikimedia.org/wiki/File:Aima_Baig_VOA_2023.png#Licensing","confirmed Commons page still carries an unresolved LicenseReview request; no completed reviewer result was found","Strong vertical video still with enough resolution for a clean crop","HOLD - DO NOT USE YET VOA republishes third-party material, so the agency name alone does not establish that this frame is a U.S.-government work; require a completed license review or direct VOA ownership proof Upstream source: https://facebook.com/VOAUrdu/videos/838140957668261. Source license statement: Public domain claimed as U.S. federal-government work.","category-music-microphone-v3","2026-09-19"
"Ajay Devgn","ajay-devgn","actor","approved","https://commons.wikimedia.org/wiki/File:Ajay_Devgn_promotes_Baadshaho.jpg","https://upload.wikimedia.org/wikipedia/commons/c/cb/Ajay_Devgn_promotes_Baadshaho.jpg","Bollywood Hungama","2017-08-24","337","506","CC-BY-3.0","https://creativecommons.org/licenses/by/3.0/","Description explicitly identifies Ajay Devgn during Baadshaho promotion; spelling correction is verified.","Solo vertical event crop; adequate for a small TV-guide icon, though avoid aggressive enlargement.","Reviewed provider spelling or alias: ""AJAY DEVGAN"" maps exactly to ""Ajay Devgn"". Prefer this reviewed event photo over unrelated web publicity images. Source license statement: CC BY 3.0.","category-movie-clapperboard-v3","2026-09-19"
"Akhil","akhil","singer","conditional","https://commons.wikimedia.org/wiki/File:Akhil.jpg","https://upload.wikimedia.org/wikipedia/commons/e/e1/Akhil.jpg","pictures tree","2019-07-14","1015","738","CC-BY-3.0","https://creativecommons.org/licenses/by/3.0/","Exact article image for the Punjabi singer, but the file description is only the single name 'Akhil'; landscape video still and sunglasses reduce cutout quality.","Exact article image for the Punjabi singer, but the file description is only the single name 'Akhil'; landscape video still and sunglasses reduce cutout quality.","YouTube-origin still; Commons records a completed license review. Single-name identity was checked against article/Wikidata usage, so it is not being conflated with unrelated people named Akhil. Personality/publicity rights may still apply. Source license statement: CC BY 3.0.","category-music-microphone-v3","2026-09-19"
"Akhlaq Ahmed","akhlaq-ahmed","singer","no_verified_free_portrait","","","","","","","","","confirmed by category and biographical match Exact Commons, Wikidata, Wikipedia-page-image, Flickr, and web/image searches found no portrait with verified PD, CC0, CC BY, or compatible CC BY-SA rights","No usable portrait located","Research identity label normalized from ""Akhlaq Ahmed - Pakistani playback singer, 1946-1999"" to ""Akhlaq Ahmed""; keep the identity evidence when reviewing namesakes. NO ASSET Do not substitute similarly named people or an unlicensed press/tribute image","category-music-microphone-v3","2026-09-19"
"Akshay Kumar","akshay-kumar","actor","approved","https://commons.wikimedia.org/wiki/File:Akshay_Kumar_in_2022.jpg","https://upload.wikimedia.org/wikipedia/commons/c/cf/Akshay_Kumar_in_2022.jpg","Bollywood Hungama","2022-03-13","585","878","CC-BY-3.0","https://creativecommons.org/licenses/by/3.0/","Exact actor is named in the file title, description, and Akshay Kumar Commons results; spelling correction is verified.","Solo vertical red-carpet portrait; clean head-and-torso crop.","Reviewed provider spelling or alias: ""AKSHEY KUMAR"" maps exactly to ""Akshay Kumar"". Bollywood Hungama VRT-licensed event photo. Source license statement: CC BY 3.0.","category-movie-clapperboard-v3","2026-09-19"
"Al Pacino","al-pacino","actor","approved","https://commons.wikimedia.org/wiki/File:Al_Pacino_in_2016.jpg","https://upload.wikimedia.org/wikipedia/commons/f/fa/Al_Pacino_in_2016.jpg","Embajada de EEUU en la Argentina (photographer metadata: Jorge Gomez)","2016-10-31 20:11","1441","1811","CC-BY-2.0","https://creativecommons.org/licenses/by/2.0/","Exact subject; close 2016 portrait extracted from a U.S. Embassy Argentina photograph. Suitable for a centered head-and-shoulders crop.","Exact subject; close 2016 portrait extracted from a U.S. Embassy Argentina photograph. Suitable for a centered head-and-shoulders crop.","Attribution, license link, and modification notice required. Preserve both the page's institutional author and named photographer metadata in final credits. Source license statement: CC BY 2.0.","category-movie-clapperboard-v3","2026-09-19"
"Alfred Hitchcock","alfred-hitchcock","actor","approved","https://commons.wikimedia.org/wiki/File:Alfred_Hitchcock_NYWTS.jpg","https://upload.wikimedia.org/wikipedia/commons/6/63/Alfred_Hitchcock_NYWTS.jpg","Fred Palumbo / New York World-Telegram & Sun","1956","2111","2728","PD-US","https://commons.wikimedia.org/wiki/File:Alfred_Hitchcock_NYWTS.jpg#Licensing","Exact Alfred Hitchcock head-and-shoulders portrait; high-resolution, clean profile and ideal for an icon crop.","Exact Alfred Hitchcock head-and-shoulders portrait; high-resolution, clean profile and ideal for an icon crop.","Library of Congress source cph.3c21483. Commons states this staff work-for-hire is public domain under the collection's instrument of gift and has no known copyright restrictions. Source license statement: Public domain (PD New York World-Telegram & Sun).","category-movie-clapperboard-v3","2026-09-19"
"Ali Azmat","ali-azmat","singer","approved","https://commons.wikimedia.org/wiki/File:Ali_in_Orange.jpg","https://commons.wikimedia.org/wiki/Special:Redirect/file/Ali_in_Orange.jpg","Paranda","","288","301","PD-Self","https://commons.wikimedia.org/wiki/File:Ali_in_Orange.jpg#Licensing","confirmed Uploader-photographer's own-work declaration and worldwide public-domain release; exact identity is linked from the file to Ali Azmat","Very small and soft; usable only for a compact icon after careful upscale and crop","APPROVED FOR PORTRAIT DESIGN Public-domain credit is recommended; do not confuse with the newer unreviewed Flickr candidate File:Ali Azmat 2008.jpg Source license statement: Public domain - PD-self.","category-music-microphone-v3","2026-09-19"
"Ali Zafar","ali-zafar","singer","approved","https://commons.wikimedia.org/wiki/File:Ali_zafar.jpg","https://commons.wikimedia.org/wiki/Special:Redirect/file/Ali_zafar.jpg","Bollywood Hungama","","600","896","CC-BY-3.0","https://creativecommons.org/licenses/by/3.0/","resolved from the repository fallback person-fallback-ali-zafar; subject text is a typo Bollywood Hungama permission confirmed on Commons; page records VRT ticket 2008030310010794 and a 2010 reviewer confirmation","Adequate vertical red-carpet portrait; moderate resolution","Reviewed provider spelling or alias: ""ALI FAZAR"" maps exactly to ""Ali Zafar"". APPROVED FOR PORTRAIT DESIGN AFTER USING CANONICAL LABEL ALI ZAFAR Use the canonical artist name Ali Zafar in metadata; retain attribution, license link, and modification notice Upstream source: http://www.bollywoodhungama.com/stills/partiesnevents/Press_conference_of_film_%27Tere_Bin_Laden%27/still110146.html. Source license statement: CC BY 3.0.","category-music-microphone-v3","2026-09-19"
"Alisha Chinai","alisha-chinai","singer","approved","https://commons.wikimedia.org/wiki/File:Alisha_Chinai_2009_-_still_64293_crop.jpg","https://upload.wikimedia.org/wikipedia/commons/5/5a/Alisha_Chinai_2009_-_still_64293_crop.jpg","Bollywood Hungama","","512","534","CC-BY-3.0","https://creativecommons.org/licenses/by/3.0","Indian singer Alisha Chinai","Tight solo portrait with a clear face and adequate 512px source width.","No correction needed Exact subject is identified by the Commons file title/description and visually matches the named singer. Attribute author/source, retain license link, and identify background removal/cropping as modifications. Copyright license does not waive personality/publicity rights; use as factual EPG identification, not endorsement, and review local requirements before commercial release. not required; neutral microphone remains safe fallback Source license statement: CC BY 3.0.","category-music-microphone-v3","2026-09-19"
"Alka Yagnik","alka-yagnik","singer","approved","https://commons.wikimedia.org/wiki/File:Alka_Yagnik.jpg","https://upload.wikimedia.org/wikipedia/commons/1/12/Alka_Yagnik.jpg","Bollywood Hungama","","600","899","CC-BY-3.0","https://creativecommons.org/licenses/by/3.0","Alka Yagnik at the 2008 audio release for Yuvraaj .","Solo event portrait; recognizable face and adequate source detail for a guide icon.","No correction needed Exact subject is identified by the Commons file title/description and visually matches the named singer. Attribute author/source, retain license link, and identify background removal/cropping as modifications. Copyright license does not waive personality/publicity rights; use as factual EPG identification, not endorsement, and review local requirements before commercial release. not required; neutral microphone remains safe fallback Source license statement: CC BY 3.0.","category-music-microphone-v3","2026-09-19"
"Aman Hayer","aman-hayer","singer","no_verified_free_portrait","","","","","","","","","No exact freely reusable portrait located.","No exact freely reusable portrait located.","Exact-name Commons bitmap search and English Wikipedia/Wikidata image check on 2026-09-19 found no acceptable file.","category-music-microphone-v3","2026-09-19"
"Amar","amar","singer","no_verified_free_portrait","","","","","","","","","Provider name is only 'AMAR', so the intended singer cannot be resolved safely.","Provider name is only 'AMAR', so the intended singer cannot be resolved safely.","Strictly excluded as ambiguous. Results for Amar Noorie belong to a separate canonical subject and were not reused for this row.","category-music-microphone-v3","2026-09-19"
"Amar Noorie","amar-noorie","singer","conditional","https://commons.wikimedia.org/wiki/File:Amar_noorie.jpg","https://upload.wikimedia.org/wikipedia/commons/3/30/Amar_noorie.jpg","Tejasbirsingh6","2006-11-02T00:04:27","4404","3182","CC-BY-SA-4.0","https://creativecommons.org/licenses/by-sa/4.0/","High-resolution exact identity, but it is a family/group photograph with two children rather than an isolated portrait.","High-resolution exact identity, but it is a family/group photograph with two children rather than an isolated portrait.","Uploader claims own work. Any crop or background removal must be disclosed and released under CC BY-SA 4.0. Source license statement: CC BY-SA 4.0.","category-music-microphone-v3","2026-09-19"
"Ambareesh","ambareesh","actor","conditional","https://commons.wikimedia.org/wiki/File:Ambarish.jpg","https://upload.wikimedia.org/wikipedia/commons/b/b0/Ambarish.jpg","Xyzgirl","2022-12-25","332","552","CC0-1.0","https://creativecommons.org/publicdomain/zero/1.0/","The file is categorized and used as the exact Kannada actor/politician Ambareesh, but its origin needs clarification before icon production.","The file is categorized and used as the exact Kannada actor/politician Ambareesh, but its origin needs clarification before icon production.","Do not deploy yet: Ambareesh died in 2018, while this file claims own work dated 2022. A separate verified government photograph exists under GODL-India, but that license is outside this task's strict PD/CC allowlist. Source license statement: CC0 1.0 (tagged, provenance unresolved).","category-movie-clapperboard-v3","2026-09-19"
"Amitabh Bachchan","amitabh-bachchan","actor","approved","https://commons.wikimedia.org/wiki/File:Indian_actor_Amitabh_Bachchan.jpg","https://upload.wikimedia.org/wikipedia/commons/c/c6/Indian_actor_Amitabh_Bachchan.jpg","Shrinivas Kulkarni; derivative crop by Junior Jumper","2018-11-11","1194","1655","CC-BY-SA-4.0","https://creativecommons.org/licenses/by-sa/4.0/","Description explicitly identifies Amitabh Bachchan; linked parent file documents the same subject.","High-resolution vertical derivative already centered on the actor; excellent icon source.","Reviewed provider spelling or alias: ""AMITABH BACHAN"" maps exactly to ""Amitabh Bachchan"". Credit the original photographer and crop author; mark further cutout work as an adaptation under CC BY-SA 4.0. Source license statement: CC BY-SA 4.0. An approved cutout for this exact subject already exists in the production icon catalog; preserve it unless a replacement is reviewed intentionally.","category-movie-clapperboard-v3","2026-09-19"
"Amrish Puri","amrish-puri","actor","approved","https://commons.wikimedia.org/wiki/File:Amrish_Puri.jpg","https://upload.wikimedia.org/wikipedia/commons/7/77/Amrish_Puri.jpg","Bollywood Hungama","2003-04","387","516","CC-BY-3.0","https://creativecommons.org/licenses/by/3.0/","Description identifies Amrish Puri at the 2003 premiere of The Hero: Love Story of a Spy.","Vertical close portrait; adequate for face-and-shoulders use at guide size.","This is an event photo, not the separately listed film still. Source license statement: CC BY 3.0.","category-movie-clapperboard-v3","2026-09-19"
"Amrit Maan","amrit-maan","singer","approved","https://commons.wikimedia.org/wiki/File:Amrit_Maan-_41365565990_%28cropped%29.jpg","https://upload.wikimedia.org/wikipedia/commons/7/72/Amrit_Maan-_41365565990_%28cropped%29.jpg","Andrew Scheer","2018-07-01T18:24:54","2559","2460","CC0-1.0","https://creativecommons.org/publicdomain/zero/1.0/","Clear, high-resolution event portrait explicitly naming Amrit Maan.","Clear, high-resolution event portrait explicitly naming Amrit Maan.","Extracted Commons crop from Andrew Scheer's event photograph; Commons marks the file CC0. Source license statement: CC0 1.0.","category-music-microphone-v3","2026-09-19"
"Angrej Ali","angrej-ali","singer","no_verified_free_portrait","","","","","","","","","No exact freely reusable portrait located.","No exact freely reusable portrait located.","Exact-name Commons bitmap search and English Wikipedia/Wikidata image check on 2026-09-19 found no acceptable file.","category-music-microphone-v3","2026-09-19"
"Anil Kapoor","anil-kapoor","actor","approved","https://commons.wikimedia.org/wiki/File:Anil_Kapoor_snapped_at_Race_3_interviews_at_Sun_N_Sand_hotel_in_Juhu.jpg","https://upload.wikimedia.org/wikipedia/commons/a/a9/Anil_Kapoor_snapped_at_Race_3_interviews_at_Sun_N_Sand_hotel_in_Juhu.jpg","Bollywood Hungama","2018-06-19","585","441","CC-BY-3.0","https://creativecommons.org/licenses/by/3.0/","File description explicitly identifies Anil Kapoor at a Race 3 interview event.","Landscape event portrait with sufficient face resolution; crop tightly around head and upper torso.","Bollywood Hungama VRT-licensed event photo. Source license statement: CC BY 3.0.","category-movie-clapperboard-v3","2026-09-19"
"Anupam Kher","anupam-kher","actor","approved","https://commons.wikimedia.org/wiki/File:Anupam_Kher_(40740364673)_(cropped).jpg","https://upload.wikimedia.org/wikipedia/commons/7/73/Anupam_Kher_%2840740364673%29_%28cropped%29.jpg","Greg2600","2019-04-18","1427","1686","CC-BY-SA-2.0","https://creativecommons.org/licenses/by-sa/2.0/","The photographer's description and exact-name file identify actor Anupam Kher.","High-resolution, already-cropped single-person portrait; excellent extraction source.","ShareAlike applies to the cutout/adaptation. Source license statement: CC BY-SA 2.0.","category-movie-clapperboard-v3","2026-09-19"
"Anuradha Paudwal","anuradha-paudwal","singer","conditional","https://commons.wikimedia.org/wiki/File:%22Yeh_Ishq_Aur_Yeh_Barish%22_Song_Recording_Time_Sarbarish_Majumder_%26_Anuradha_Paudwal.jpg","https://upload.wikimedia.org/wikipedia/commons/c/c8/%22Yeh_Ishq_Aur_Yeh_Barish%22_Song_Recording_Time_Sarbarish_Majumder_%26_Anuradha_Paudwal.jpg","Sarbarish Majumder","","1139","1257","CC0-1.0","http://creativecommons.org/publicdomain/zero/1.0/deed.en","""Yeh Ishq Aur Yeh Barish"" Song Recording Time Sarbarish Majumder & Anuradha Paudwal","Licensed two-person studio photograph; Anuradha is seated at lower right and must be carefully isolated.","Reviewed provider spelling or alias: ""ANURADHA PAWDWAL"" maps exactly to ""Anuradha Paudwal"". Match only as reviewed alias: ANURADHA PAWDWAL → Anuradha Paudwal Conditional on a manual crop test at 48px; do not include the other person. Use the neutral microphone fallback if the face is not recognizable. No copyright attribution required by the license, but preserve source and author provenance in the project catalog. Copyright license does not waive personality/publicity rights; use as factual EPG identification, not endorsement, and review local requirements before commercial release. neutral microphone icon Source license statement: CC0.","category-music-microphone-v3","2026-09-19"
"Arif Lohar","arif-lohar","singer","conditional","https://commons.wikimedia.org/wiki/File:Arif_Lohar_2021.png","https://commons.wikimedia.org/wiki/Special:Redirect/file/Arif_Lohar_2021.png","PILAC TV","","720","960","CC-BY-3.0","https://creativecommons.org/licenses/by/3.0/","confirmed Commons page explicitly carries an unresolved LicenseReview request","Portrait-oriented video frame; adequate dimensions but likely compressed","HOLD - DO NOT USE YET Require a completed YouTube license review or archived source showing the compatible license on the cited video Upstream source: https://youtube.com/watch?v=T7vdYmyC7Uk&t=46s. Source license statement: CC BY 3.0 claimed from YouTube.","category-music-microphone-v3","2026-09-19"
"Arijit Singh","arijit-singh","singer","approved","https://commons.wikimedia.org/wiki/File:Arijit_Singh_performance_at_Chandigarh_2025.jpg","https://upload.wikimedia.org/wikipedia/commons/b/b7/Arijit_Singh_performance_at_Chandigarh_2025.jpg","Monit2004","","957","960","CC-BY-4.0","https://creativecommons.org/licenses/by/4.0","Singh's Performance at Chandigarh on 2025.","High-quality live-performance portrait with clear face, turban, and instrument silhouette.","Reviewed provider spelling or alias: ""ARJIT SINGH"" maps exactly to ""Arijit Singh"". Match only as reviewed alias: ARJIT SINGH → Arijit Singh Exact subject is identified by the Commons file title/description and visually matches the named singer. Attribute author/source, retain license link, and identify background removal/cropping as modifications. Copyright license does not waive personality/publicity rights; use as factual EPG identification, not endorsement, and review local requirements before commercial release. not required; neutral microphone remains safe fallback Source license statement: CC BY 4.0.","category-music-microphone-v3","2026-09-19"
"Arnold Schwarzenegger","arnold-schwarzenegger","actor","approved","https://commons.wikimedia.org/wiki/File:Arnold_Schwarzenegger.JPG","https://upload.wikimedia.org/wikipedia/commons/a/ad/Arnold_Schwarzenegger.JPG","Photographer's Mate 3rd Class Stefanie Broughton, U.S. Navy","2005-05-29","626","766","PD-USGov","https://commons.wikimedia.org/wiki/Template:PD-USGov-Military-Navy","Exact subject; already a clean head portrait with enough resolution for a small guide icon.","Exact subject; already a clean head portrait with enough resolution for a small guide icon.","Commons identifies the photograph as a U.S. Navy employee's official-duty work and public domain in the United States, and applies the Public Domain Mark 1.0. Retain source/creator provenance even though attribution is not a copyright condition. Source license statement: Public domain — U.S. Navy official-duty work (PDM 1.0).","category-movie-clapperboard-v3","2026-09-19"
"Asha Bhosle","asha-bhosle","singer","approved","https://commons.wikimedia.org/wiki/File:Asha_Bhosle_at_Bhubaneswar.jpg","https://upload.wikimedia.org/wikipedia/commons/6/67/Asha_Bhosle_at_Bhubaneswar.jpg","Krupasindhu Muduli","","1920","2898","CC-BY-SA-3.0","https://creativecommons.org/licenses/by-sa/3.0","This media file is uploaded with Odia loves Wikipedia","Large, clear seated portrait; straightforward subject isolation.","No correction needed Exact subject is identified by the Commons file title/description and visually matches the named singer. Attribute author/source; release distributed cutout adaptation under the same or compatible ShareAlike license; retain license link and change notice. Copyright license does not waive personality/publicity rights; use as factual EPG identification, not endorsement, and review local requirements before commercial release. not required; neutral microphone remains safe fallback Source license statement: CC BY-SA 3.0. An approved cutout for this exact subject already exists in the production icon catalog; preserve it unless a replacement is reviewed intentionally.","category-music-microphone-v3","2026-09-19"
"Atif Aslam","atif-aslam","singer","approved","https://commons.wikimedia.org/wiki/File:Atif_Aslam_in_black_coat.jpg","https://commons.wikimedia.org/wiki/Special:Redirect/file/Atif_Aslam_in_black_coat.jpg","Zindaaab","","800","927","CC-BY-SA-4.0","https://creativecommons.org/licenses/by-sa/4.0/","confirmed Commons self-published own-work declaration; exact singer named on the file page","Concert portrait with adequate resolution and a dark background; crop should remain readable in a small icon","APPROVED FOR PORTRAIT DESIGN Keep author credit, source, license link, modification notice, and compatible share-alike terms Source license statement: CC BY-SA 4.0.","category-music-microphone-v3","2026-09-19"
"Ayushmann Khurrana","ayushmann-khurrana","actor","approved","https://commons.wikimedia.org/wiki/File:Ayushmann_Khurrana_at_Grazia_Millennial_Awards,_2022.jpg","https://upload.wikimedia.org/wikipedia/commons/0/0c/Ayushmann_Khurrana_at_Grazia_Millennial_Awards%2C_2022.jpg","Bollywood Hungama","2022-03-31","585","879","CC-BY-3.0","https://creativecommons.org/licenses/by/3.0/","Exact actor and corrected spelling are explicit in the file description.","Solo vertical awards portrait; strong head-and-torso crop.","Reviewed provider spelling or alias: ""AYUSHMAN KHURRANA"" maps exactly to ""Ayushmann Khurrana"". Bollywood Hungama VRT-licensed event photo. Source license statement: CC BY 3.0.","category-movie-clapperboard-v3","2026-09-19"
"B Praak","b-praak","singer","approved","https://commons.wikimedia.org/wiki/File:B_Praak.jpg","https://upload.wikimedia.org/wikipedia/commons/c/c7/B_Praak.jpg","ABP Sanjha","2019-12-24","903","580","CC-BY-3.0","https://creativecommons.org/licenses/by/3.0/","Clear close interview still with exact identity; adequate for a small guide icon.","Clear close interview still with exact identity; adequate for a small guide icon.","YouTube-origin still; Commons records a completed license review. Attribution and change disclosure are required. Source license statement: CC BY 3.0.","category-music-microphone-v3","2026-09-19"
"Baba Sehgal","baba-sehgal","singer","approved","https://commons.wikimedia.org/wiki/File:Baba_Sehgal_shoots_for_his_album_%27Mumbai_City%27_02.jpg","https://upload.wikimedia.org/wikipedia/commons/1/1c/Baba_Sehgal_shoots_for_his_album_%27Mumbai_City%27_02.jpg","Bollywood Hungama","2012-06-18","585","881","CC-BY-3.0","https://creativecommons.org/licenses/by/3.0/","Clean, direct portrait; modest width but sufficient for a small icon.","Clean, direct portrait; modest width but sufficient for a small icon.","Bollywood Hungama VRT permission is confirmed on Commons. Credit Bollywood Hungama, link the source/file page, and disclose changes. Source license statement: CC BY 3.0.","category-music-microphone-v3","2026-09-19"
"Babbal Rai","babbal-rai","singer","no_verified_free_portrait","","","","","","","","","No exact freely reusable portrait located.","No exact freely reusable portrait located.","Exact-name Commons bitmap search and English Wikipedia/Wikidata image check on 2026-09-19 found no acceptable file.","category-music-microphone-v3","2026-09-19"
"Babbu Maan","babbu-maan","singer","conditional","https://commons.wikimedia.org/wiki/File:Babbu_Maan_Baarish_Ke_Bahaane.jpg","https://upload.wikimedia.org/wikipedia/commons/d/d0/Babbu_Maan_Baarish_Ke_Bahaane.jpg","Bollywood Hungama","2019-04-02","585","934","CC-BY-3.0","https://creativecommons.org/licenses/by/3.0/","Exact subject is centered, but this is a group/event photograph with other attendees and only 585 px width.","Exact subject is centered, but this is a group/event photograph with other attendees and only 585 px width.","Bollywood Hungama VRT permission is confirmed on Commons. A separate 175 x 248 Commons extraction is too small, so this larger source is retained conditionally. Source license statement: CC BY 3.0.","category-music-microphone-v3","2026-09-19"
"Baljit Malwa","baljit-malwa","singer","conditional","https://commons.wikimedia.org/wiki/File:Baljit_Malwa.jpg","https://upload.wikimedia.org/wikipedia/commons/7/7d/Baljit_Malwa.jpg","Moneygrovermusic","2013-09-01","525","784","CC-BY-SA-4.0","https://creativecommons.org/licenses/by-sa/4.0/","Exact identity and portrait composition, but only 525 px wide.","Exact identity and portrait composition, but only 525 px wide.","Self-published Commons upload. Retain attribution, share-alike, and modification disclosure; visually inspect before production. Source license statement: CC BY-SA 4.0.","category-music-microphone-v3","2026-09-19"
"Balkar Sidhu","balkar-sidhu","singer","no_verified_free_portrait","","","","","","","","","No exact freely reusable portrait located.","No exact freely reusable portrait located.","Exact-name Commons bitmap search and English Wikipedia/Wikidata image check on 2026-09-19 found no acceptable file.","category-music-microphone-v3","2026-09-19"
"Bharat Bhushan","bharat-bhushan","actor","no_verified_free_portrait","","","N/A","N/A","","","","","The same-name Commons category is for Telangana photographer Bharat Bhushan, not the Hindi-film actor; Google/web and Commons searches found no exact licensed portrait.","No safe crop exists from a verified compatible source; use the neutral actor/movie fallback.","Research identity label normalized from ""Bharat Bhushan (Hindi-film actor, 1920-1992)"" to ""Bharat Bhushan""; keep the identity evidence when reviewing namesakes. Rejected the file Gbharatbhushan.jpg and its category because they depict a different person. Also rejected unlicensed publicity and film-still results. Source license statement: N/A.","category-movie-clapperboard-v3","2026-09-19"
"Bikram Singh","bikram-singh","singer","no_verified_free_portrait","","","","","","","","","The provider name is ambiguous and no exact singer portrait was verified.","The provider name is ambiguous and no exact singer portrait was verified.","Commons search results were the Indian army chief and politician Bikram Singh/Majithia, not the Punjabi-American singer. Those false matches were rejected.","category-music-microphone-v3","2026-09-19"
"Bilal Saeed","bilal-saeed","singer","approved","https://commons.wikimedia.org/wiki/File:Bilal_Saeed.jpg","https://commons.wikimedia.org/wiki/Special:Redirect/file/Bilal_Saeed.jpg","Pardesi Squad","","910","1080","CC-BY-3.0","https://creativecommons.org/licenses/by/3.0/","confirmed Commons license review passed by MGA73 on 2021-01-26 for the cited YouTube source","Close video frame with adequate resolution; expect some compression","APPROVED FOR PORTRAIT DESIGN Retain attribution, source, license link, and modification notice; living-person personality rights remain separate from copyright Upstream source: https://www.youtube.com/watch?v=pQNi519QYMM&t=83s. Source license statement: CC BY 3.0.","category-music-microphone-v3","2026-09-19"
"Billy Connolly","billy-connolly","actor","approved","https://commons.wikimedia.org/wiki/File:Billy_Connolly_(26221271743)_(cropped).jpg","https://upload.wikimedia.org/wikipedia/commons/f/fe/Billy_Connolly_%2826221271743%29_%28cropped%29.jpg","Greg2600","2016-04-27 23:43","1222","1222","CC-BY-SA-2.0","https://creativecommons.org/licenses/by-sa/2.0/","Exact subject; already a square close portrait. Keep the hat and beard silhouette; only a light edge crop should be needed.","Exact subject; already a square close portrait. Keep the hat and beard silhouette; only a light edge crop should be needed.","Attribution, license link, and modification notice required. Any adapted/cutout version must remain under CC BY-SA 2.0 or a compatible license. Source license statement: CC BY-SA 2.0.","category-movie-clapperboard-v3","2026-09-19"
"Bobby Deol","bobby-deol","actor","approved","https://commons.wikimedia.org/wiki/File:Bobby_Deol_graces_the_special_screening_of_%E2%80%98Poster_Boys%E2%80%99.jpg","https://upload.wikimedia.org/wikipedia/commons/2/22/Bobby_Deol_graces_the_special_screening_of_%E2%80%98Poster_Boys%E2%80%99.jpg","Bollywood Hungama","2017-09-07","349","502","CC-BY-3.0","https://creativecommons.org/licenses/by/3.0/","Description explicitly identifies Bobby Deol at the Poster Boys screening.","Solo vertical event photograph; suitable at TV-guide size, with moderate upscaling only.","Bollywood Hungama VRT-licensed event photo. Source license statement: CC BY 3.0.","category-movie-clapperboard-v3","2026-09-19"
"Bohemia","bohemia","singer","conditional","https://commons.wikimedia.org/wiki/File:Bohemia_performing.jpg","https://upload.wikimedia.org/wikipedia/commons/2/25/Bohemia_performing.jpg","Aakash Saroha","2017-10-05","1758","1198","CC-BY-3.0","https://creativecommons.org/licenses/by/3.0/","Exact depicted artist and useful resolution, but it is a performance frame rather than a clean studio portrait.","Exact depicted artist and useful resolution, but it is a performance frame rather than a clean studio portrait.","Commons identifies the depicted Wikidata item as rapper Bohemia and lists a YouTube CC BY 3.0 source. The page does not show the explicit external-license-review marker found on stronger YouTube candidates, so retain conditionally. Source license statement: CC BY 3.0.","category-music-microphone-v3","2026-09-19"
"Boman Irani","boman-irani","actor","conditional","https://commons.wikimedia.org/wiki/File:Boman_Irani.jpg","https://upload.wikimedia.org/wikipedia/commons/2/24/Boman_Irani.jpg","Bollywood Hungama","Unknown date (not supplied on file page)","311","305","CC-BY-3.0","https://creativecommons.org/licenses/by/3.0/","Description explicitly identifies Boman Irani at an AHEAD NGO event.","Close, nearly square portrait but only 311x305; usable for a 128-256 px guide icon, potentially soft at 512 px.","License is approved; status is conditional only because of source resolution. Prefer fallback if the 512 px cutout fails visual QA. Source license statement: CC BY 3.0.","category-movie-clapperboard-v3","2026-09-19"
"Bruce Lee","bruce-lee","actor","conditional","https://commons.wikimedia.org/wiki/File:Bruce_Lee_1973.jpg","https://upload.wikimedia.org/wikipedia/commons/c/ca/Bruce_Lee_1973.jpg","National General Pictures","1973-06-14","516","689","PD-US-No-Notice","https://commons.wikimedia.org/wiki/Template:PD-US-no_notice","Exact subject in a publicity still for Fists of Fury / The Big Boss; modest resolution but a usable face crop.","Exact subject in a publicity still for Fists of Fury / The Big Boss; modest resolution but a usable face crop.","Conditional on deployment jurisdiction: the file page says it is public domain in the United States because it was published in 1931-1977 without a copyright notice, and explicitly warns it may remain copyrighted in countries that do not apply the rule of the shorter term. Source license statement: Public domain in the United States (PD-US-no notice).","category-movie-clapperboard-v3","2026-09-19"
"Chris Rock","chris-rock","actor","approved","https://commons.wikimedia.org/wiki/File:Chris_Rock_2014.jpg","https://upload.wikimedia.org/wikipedia/commons/8/89/Chris_Rock_2014.jpg","gdcgraphics (Gordon Correll)","2014-09-15 18:04:53","768","1024","CC-BY-SA-2.0","https://creativecommons.org/licenses/by-sa/2.0/","Exact subject at the 2014 Toronto International Film Festival; portrait orientation with a clean face-and-shoulders crop available.","Exact subject at the 2014 Toronto International Film Festival; portrait orientation with a clean face-and-shoulders crop available.","Attribution, license link, and modification notice required. Any adapted/cutout version must remain under CC BY-SA 2.0 or a compatible license. Source license statement: CC BY-SA 2.0.","category-movie-clapperboard-v3","2026-09-19"
"Clint Eastwood","clint-eastwood","actor","approved","https://commons.wikimedia.org/wiki/File:Clint_Eastwood_at_2010_New_York_Film_Festival.jpg","https://upload.wikimedia.org/wikipedia/commons/7/7e/Clint_Eastwood_at_2010_New_York_Film_Festival.jpg","Raffi Asdourian","2009-12-02 01:55:18 (date stated on file page)","781","1064","CC-BY-2.0","https://creativecommons.org/licenses/by/2.0/","Exact Clint Eastwood, extracted from a group photograph and already presented as a vertical portrait.","Exact Clint Eastwood, extracted from a group photograph and already presented as a vertical portrait.","Use the file-page date even though the title says 2010 New York Film Festival. Attribution and a modification notice are required. Source license statement: CC BY 2.0.","category-movie-clapperboard-v3","2026-09-19"
"Conor McGregor","conor-mcgregor","actor","approved","https://commons.wikimedia.org/wiki/File:Conor_McGregor,_UFC_189_World_Tour_London.jpg","https://upload.wikimedia.org/wikipedia/commons/1/14/Conor_McGregor,_UFC_189_World_Tour_London.jpg","Andrius Petrucenia; crop by UCinternational","2015-03-30","2350","3520","CC-BY-SA-2.0","https://creativecommons.org/licenses/by-sa/2.0/","Exact Conor McGregor at the UFC 189 World Tour in London; tall source has ample face/upper-body detail for a guide icon.","Exact Conor McGregor at the UFC 189 World Tour in London; tall source has ample face/upper-body detail for a guide icon.","Flickr-origin license was reviewed on Commons by Stemoc on 2015-12-13. Preserve attribution and license the cutout under CC BY-SA 2.0 or a compatible license; note the crop/background removal. Source license statement: CC BY-SA 2.0.","category-movie-clapperboard-v3","2026-09-19"
"Daler Mehndi","daler-mehndi","singer","conditional","https://commons.wikimedia.org/wiki/File:Daler_Mehndi_%282008%29.jpg","https://upload.wikimedia.org/wikipedia/commons/7/7a/Daler_Mehndi_%282008%29.jpg","Ankitmalik023","2008-10-17T22:15:26","800","600","CC-BY-SA-3.0","https://creativecommons.org/licenses/by-sa/3.0/","File title and structured data identify Daler Mehndi, and the portrait is usable, but the free-text description discusses Hans Raj Hans and is internally inconsistent.","File title and structured data identify Daler Mehndi, and the portrait is usable, but the free-text description discusses Hans Raj Hans and is internally inconsistent.","Self-published Commons file. Treat the identity/provenance mismatch as a legal/editorial review condition; derivatives remain CC BY-SA 3.0. Source license statement: CC BY-SA 3.0.","category-music-microphone-v3","2026-09-19"
"David Attenborough","david-attenborough","actor","approved","https://commons.wikimedia.org/wiki/File:David_Attenborough.jpg","https://upload.wikimedia.org/wikipedia/commons/4/42/David_Attenborough.jpg","Wildscreen (required attribution; transferred by Shojo)","2003-05 (EXIF 2003-05-19)","508","338","CC-BY-2.5","https://creativecommons.org/licenses/by/2.5/","Exact David Attenborough at the ARKive launch. A portrait crop exists, but use the 508x338 parent so the cutout retains the maximum available pixels.","Exact David Attenborough at the ARKive launch. A portrait crop exists, but use the 508x338 parent so the cutout retains the maximum available pixels.","Commons records Wildscreen's CC BY 2.5 permission/attribution. Resolution is modest, so keep the cutout simple and judge it at actual TV-guide size. Source license statement: CC BY 2.5.","category-movie-clapperboard-v3","2026-09-19"
"Deep Jandu","deep-jandu","singer","conditional","https://commons.wikimedia.org/wiki/File:Deep_Jandu.jpg","https://upload.wikimedia.org/wikipedia/commons/d/d9/Deep_Jandu.jpg","Sahajpreet71","2026-04-08","1600","1066","CC-BY-SA-4.0","https://creativecommons.org/licenses/by-sa/4.0/","Good resolution, but the new file is uncategorized and its description only states the name; identity is not independently corroborated on the file page.","Good resolution, but the new file is uncategorized and its description only states the name; identity is not independently corroborated on the file page.","Uploader claims own work under CC BY-SA 4.0. Require a human identity check against an authoritative reference before using it. Source license statement: CC BY-SA 4.0.","category-music-microphone-v3","2026-09-19"
"Dev Anand","dev-anand","actor","approved","https://commons.wikimedia.org/wiki/File:Dev_Anand_still1.jpg","https://upload.wikimedia.org/wikipedia/commons/c/c3/Dev_Anand_still1.jpg","Bollywood Hungama","Unknown date (not supplied on file page)","400","533","CC-BY-3.0","https://creativecommons.org/licenses/by/3.0/","Description identifies Dev Anand at an Indo-American Society felicitation; despite the filename, the documented source is an event photo rather than a movie frame.","Vertical event portrait; adequate face detail for a compact icon.","Use only this reviewed event file, not unlicensed movie stills returned by general image search. Source license statement: CC BY 3.0.","category-movie-clapperboard-v3","2026-09-19"
"Dev Dhillon","dev-dhillon","singer","no_verified_free_portrait","","","","","","","","","No exact freely reusable portrait located.","No exact freely reusable portrait located.","Exact-name Commons bitmap search and English Wikipedia/Wikidata image check on 2026-09-19 found no acceptable file.","category-music-microphone-v3","2026-09-19"
"Dharmendra","dharmendra","actor","approved","https://commons.wikimedia.org/wiki/File:Dharmendra.jpg","https://upload.wikimedia.org/wikipedia/commons/3/3b/Dharmendra.jpg","Bollywood Hungama","2011-09-23","585","439","CC-BY-3.0","https://creativecommons.org/licenses/by/3.0/","Description explicitly identifies Dharmendra on the set of India's Got Talent.","Landscape but sufficiently large; crop the actor to head and shoulders.","Bollywood Hungama VRT-licensed event photograph. Source license statement: CC BY 3.0.","category-movie-clapperboard-v3","2026-09-19"
"Dharmpreet","dharmpreet","singer","no_verified_free_portrait","","","","","","","","","No exact freely reusable portrait located.","No exact freely reusable portrait located.","Exact-name Commons bitmap search found only unrelated Sikh-history graphics; no exact singer portrait was accepted.","category-music-microphone-v3","2026-09-19"
"Dilip Kumar","dilip-kumar","actor","approved","https://commons.wikimedia.org/wiki/File:Dilip_Kumar.jpg","https://upload.wikimedia.org/wikipedia/commons/4/46/Dilip_Kumar.jpg","I4net","2006-01-04","1600","1200","CC-BY-SA-3.0","https://creativecommons.org/licenses/by-sa/3.0/","Description identifies Dilip Kumar during his documented 2006 visit to the MouthShut.com office.","High-resolution landscape photograph with ample pixels for a head-and-shoulders crop.","ShareAlike applies to the resulting cutout/adaptation. Source license statement: CC BY-SA 3.0. An approved cutout for this exact subject already exists in the production icon catalog; preserve it unless a replacement is reviewed intentionally.","category-movie-clapperboard-v3","2026-09-19"
"Dr. Rajkumar","dr-rajkumar","actor","approved","https://commons.wikimedia.org/wiki/File:Dr._Rajkumar_(3).jpg","https://upload.wikimedia.org/wikipedia/commons/1/12/Dr._Rajkumar_(3).jpg","A2 Movies","2024-08-19 (Commons frame/upload date)","624","669","CC-BY-3.0","https://creativecommons.org/licenses/by/3.0/","Exact Dr. Rajkumar portrait frame; square-ish composition is suitable for icon extraction.","Exact Dr. Rajkumar portrait frame; square-ish composition is suitable for icon extraction.","The source YouTube video was license-reviewed by Lymantria on 2024-09-09 and confirmed CC BY 3.0. Attribute A2 Movies and state that the frame was cropped/background-removed. Source license statement: CC BY 3.0.","category-movie-clapperboard-v3","2026-09-19"
"Durga Rangila","durga-rangila","singer","no_verified_free_portrait","","","","","","","","","No exact freely reusable portrait located.","No exact freely reusable portrait located.","Exact-name Commons bitmap search and English Wikipedia/Wikidata image check on 2026-09-19 found no acceptable file.","category-music-microphone-v3","2026-09-19"
"Eddie Murphy","eddie-murphy","actor","approved","https://commons.wikimedia.org/wiki/File:Eddie_Murphy_2010.jpg","https://upload.wikimedia.org/wikipedia/commons/e/e3/Eddie_Murphy_2010.jpg","David Shankbone","2010-04-30","1157","1422","CC-BY-2.0","https://creativecommons.org/licenses/by/2.0/","Exact subject at the 2010 Tribeca Film Festival; strong vertical portrait. Map the provider typo EDDY MURPHY only as an explicit alias.","Exact subject at the 2010 Tribeca Film Festival; strong vertical portrait. Map the provider typo EDDY MURPHY only as an explicit alias.","Reviewed provider spelling or alias: ""EDDY MURPHY"" maps exactly to ""Eddie Murphy"". Attribution, license link, and modification notice required. Do not enable general fuzzy name matching. Source license statement: CC BY 2.0.","category-movie-clapperboard-v3","2026-09-19"
"Emraan Hashmi","emraan-hashmi","actor","approved","https://commons.wikimedia.org/wiki/File:Emraan_Hashmi_spotted_in_Bandra.jpg","https://upload.wikimedia.org/wikipedia/commons/d/da/Emraan_Hashmi_spotted_in_Bandra.jpg","Bollywood Hungama","2019-02-07","585","878","CC-BY-3.0","https://creativecommons.org/licenses/by/3.0/","File title and description explicitly identify Emraan Hashmi.","Solo vertical photo with good subject separation; strong icon crop.","Bollywood Hungama VRT-licensed event/street-appearance photograph. Source license statement: CC BY 3.0.","category-movie-clapperboard-v3","2026-09-19"
"Faakhir Mehmood","faakhir-mehmood","singer","no_verified_free_portrait","","","","","","","","","confirmed spelling variant Commons and web/image searches found only CC0 autograph/signature files such as File:Faakhir 35.jpg and File:Faakhir Mehmood signature.png, not a real portrait","No usable real-person portrait located","Reviewed provider spelling or alias: ""FAKHIR MEHMOOD"" maps exactly to ""Faakhir Mehmood"". NO ASSET Do not treat an autograph, logo, album cover, or unlicensed publicity image as a portrait","category-music-microphone-v3","2026-09-19"
"Falak Shabir","falak-shabir","singer","no_verified_free_portrait","","","","","","","","","confirmed Exact Commons, Wikidata, Wikipedia-page-image, Flickr, and web/image searches found no verified free portrait","No usable portrait located","NO ASSET Search results were publicity, social-media, or press imagery without a qualifying reuse license","category-music-microphone-v3","2026-09-19"
"Farhan Akhtar","farhan-akhtar","actor","approved","https://commons.wikimedia.org/wiki/File:Farhan_Akhtar_-_Times_Litfest_2016,_New_Delhi.jpg","https://upload.wikimedia.org/wikipedia/commons/8/89/Farhan_Akhtar_-_Times_Litfest_2016%2C_New_Delhi.jpg","Satdeep Gill","2016-11-27","5456","3632","CC-BY-SA-4.0","https://creativecommons.org/licenses/by-sa/4.0/","Description explicitly identifies Farhan Akhtar at Times Litfest; corrected spelling is verified.","Very high-resolution event photograph; ample latitude for an exact head-and-shoulders crop.","Reviewed provider spelling or alias: ""FARHAN AKTHAR"" maps exactly to ""Farhan Akhtar"". ShareAlike applies; record that the transparent icon is a crop/background-removal adaptation. Source license statement: CC BY-SA 4.0.","category-movie-clapperboard-v3","2026-09-19"
"Farhan Saeed","farhan-saeed","singer","conditional","https://commons.wikimedia.org/wiki/File:Farhan_Saeed_Jal_Photoshoot.jpg","https://commons.wikimedia.org/wiki/Special:Redirect/file/Farhan_Saeed_Jal_Photoshoot.jpg","Zest geo","","3504","2336","CC0-1.0","https://creativecommons.org/publicdomain/zero/1.0/","confirmed The only Commons-category portrait; its source statement says the uploader created the work 'not entirely' by themself and supplies no third-party permission or VRT record","High-resolution photoshoot image with ample crop latitude","HOLD - DO NOT USE YET The uploader's own statement leaves copyright ownership incomplete; require photographer/rightsholder confirmation before use Source license statement: CC0 claimed.","category-music-microphone-v3","2026-09-19"
"Feroz Khan","feroz-khan","actor","approved","https://commons.wikimedia.org/wiki/File:Feroz_Khan.jpg","https://upload.wikimedia.org/wikipedia/commons/f/f6/Feroz_Khan.jpg","Bollywood Hungama","2005-11-18","585","439","CC-BY-3.0","https://creativecommons.org/licenses/by/3.0/","Description identifies actor Feroz Khan at the Ek Khiladi Ek Haseena premiere; this distinguishes him from politician Feroz Khan search results.","Landscape event portrait; adequate resolution for a close upper-body crop.","Research identity label normalized from ""Feroz Khan (Indian actor, 1939-2009)"" to ""Feroz Khan""; keep the identity evidence when reviewing namesakes. Do not use similarly named File:Feroz_Khan_.jpg, which depicts a Hyderabad politician. Source license statement: CC BY 3.0.","category-movie-clapperboard-v3","2026-09-19"
"Ghulam Abbas","ghulam-abbas","singer","conditional","https://en.wikipedia.org/wiki/File:Ghulamabas.jpg","https://en.wikipedia.org/wiki/Special:Redirect/file/Ghulamabas.jpg","Nooruddin2020 uploader; photographer/author not stated","","989","1033","CC0-1.0","https://creativecommons.org/publicdomain/zero/1.0/","exact singer disambiguated from writers, politicians, and other namesakes English-Wikipedia local file is tagged CC0 and bot-suggested for Commons transfer, but the page has no source and no machine-readable author; no human Commons review was found","Clear square-ish portrait at useful resolution","Research identity label normalized from ""Ghulam Abbas - Pakistani playback and classical singer, born 1955"" to ""Ghulam Abbas""; keep the identity evidence when reviewing namesakes. HOLD - DO NOT USE YET Identity matches the 1955 singer and his article, not another Ghulam Abbas; require author/source evidence or a human-validated Commons transfer before use Source license statement: CC0 claimed.","category-music-microphone-v3","2026-09-19"
"Goher Mumtaz","goher-mumtaz","singer","approved","https://commons.wikimedia.org/wiki/File:Goher_Mumtaz_Lead_Vocalist_and_Founder_of_Jal_The_Band_.jpg","https://commons.wikimedia.org/wiki/Special:Redirect/file/Goher_Mumtaz_Lead_Vocalist_and_Founder_of_Jal_The_Band_.jpg","Sanwalzia","","800","547","CC-BY-SA-4.0","https://creativecommons.org/licenses/by-sa/4.0/","confirmed spelling/transliteration variant for the Jal founder and singer Commons self-published own-work declaration; exact Jal-band identity is stated and the file is used by the Goher Mumtaz article/Wikidata item","Landscape image with adequate pixels; a tight face crop will discard much of the frame","Reviewed provider spelling or alias: ""GOHAR MUMTAZ"" maps exactly to ""Goher Mumtaz"". APPROVED FOR PORTRAIT DESIGN Use canonical spelling Goher Mumtaz in metadata; keep author credit, license link, modification notice, and compatible share-alike terms Source license statement: CC BY-SA 4.0.","category-music-microphone-v3","2026-09-19"
"Gul Panra","gul-panra","singer","conditional","https://commons.wikimedia.org/wiki/File:Ali_Zafar_and_Gul_Panra_2022.png","https://commons.wikimedia.org/wiki/Special:Redirect/file/Ali_Zafar_and_Gul_Panra_2022.png","Mishoo Travel Vlogs","","1280","720","CC-BY-3.0","https://creativecommons.org/licenses/by/3.0/","resolved from the repository fallback person-fallback-gul-panra; subject text is a typo Commons page explicitly carries an unresolved LicenseReview request","Two-person stage frame; Gul Panra must be isolated and will occupy substantially fewer than 1280 pixels","Reviewed provider spelling or alias: ""GUL PANVA"" maps exactly to ""Gul Panra"". HOLD - DO NOT USE YET Require completed source-license review; use canonical artist name Gul Panra and verify which person is being cropped Upstream source: https://youtube.com/watch?v=VyP5GhLo_Ds&t=8725s. Source license statement: CC BY 3.0 claimed from YouTube.","category-music-microphone-v3","2026-09-19"
"Gulshan Grover","gulshan-grover","actor","approved","https://commons.wikimedia.org/wiki/File:Gulshan_Grover_(IIFA-2014-GreenCarpet2).jpg","https://upload.wikimedia.org/wikipedia/commons/3/3a/Gulshan_Grover_%28IIFA-2014-GreenCarpet2%29.jpg","Laura Lee Dooley (description credits James C. Dooley as photographer)","2014-04-25","5184","3456","CC-BY-2.0","https://creativecommons.org/licenses/by/2.0/","File title and description explicitly identify Gulshan Grover at IIFA 2014.","Very high-resolution red-carpet photograph; excellent source for a tight portrait crop.","Preserve the Commons author wording and description credit in attribution records. Source license statement: CC BY 2.0.","category-movie-clapperboard-v3","2026-09-19"
"Guri","guri","singer","conditional","https://commons.wikimedia.org/wiki/File:Guri_on_set_of_Lover_Movie.jpg","https://upload.wikimedia.org/wikipedia/commons/2/24/Guri_on_set_of_Lover_Movie.jpg","Gursewaksinghh","2021-09-21","3809","5714","CC0-1.0","https://creativecommons.org/publicdomain/zero/1.0/","High-resolution image used for the exact Punjabi singer/actor article; the description ties him to the film Lover, resolving the otherwise ambiguous single name.","High-resolution image used for the exact Punjabi singer/actor article; the description ties him to the film Lover, resolving the otherwise ambiguous single name.","Uploader claims own work and dedicates it CC0. Kept conditional because 'Guri' is highly ambiguous and the ownership/identity claim is not independently reviewed on the file page. Source license statement: CC0 1.0.","category-music-microphone-v3","2026-09-19"
"Gurnam Bhullar","gurnam-bhullar","singer","approved","https://commons.wikimedia.org/wiki/File:Gurnam_Bhullar.jpg","https://upload.wikimedia.org/wikipedia/commons/c/c1/Gurnam_Bhullar.jpg","ABP Sanjha","2019-10-26","1114","810","CC-BY-3.0","https://creativecommons.org/licenses/by/3.0/","Clear, close interview still with exact identity and useful resolution.","Clear, close interview still with exact identity and useful resolution.","YouTube-origin still; Commons records a completed license review. Source license statement: CC BY 3.0.","category-music-microphone-v3","2026-09-19"
"Gurshabad","gurshabad","singer","approved","https://commons.wikimedia.org/wiki/File:Savi_B-115.jpg","https://upload.wikimedia.org/wikipedia/commons/b/b1/Savi_B-115.jpg","H2426","2024-10-19T20:56:13","4000","6000","CC0-1.0","https://creativecommons.org/publicdomain/zero/1.0/","High-resolution concert portrait explicitly identifying Gurshabad Kular.","High-resolution concert portrait explicitly identifying Gurshabad Kular.","Uploader dedicates the file CC0. Page description says 'during 2025 Toronto concert' while EXIF/source date is 2024-10-19; this date-label inconsistency does not change identity or license but should remain documented. Source license statement: CC0 1.0.","category-music-microphone-v3","2026-09-19"
"Guru Randhawa","guru-randhawa","singer","conditional","https://commons.wikimedia.org/wiki/File:Guru_Randhawa_at_the_launch_of_MTV_Unplugged_Season_8.jpg","https://upload.wikimedia.org/wikipedia/commons/f/fe/Guru_Randhawa_at_the_launch_of_MTV_Unplugged_Season_8.jpg","Bollywood Hungama","","585","878","CC-BY-3.0","https://creativecommons.org/licenses/by/3.0","Guru Randhawa at the launch of MTV Unplugged Season 8","Solo full-body launch photograph, but the face occupies a small part of the 585px-wide original.","Reviewed provider spelling or alias: ""GURUR RANDHAWA"" maps exactly to ""Guru Randhawa"". Match only as reviewed alias: GURUR RANDHAWA → Guru Randhawa Conditional on a 48px recognizability test because the source is a full-body 585x878 image. Attribute author/source, retain license link, and identify background removal/cropping as modifications. Copyright license does not waive personality/publicity rights; use as factual EPG identification, not endorsement, and review local requirements before commercial release. neutral microphone icon Source license statement: CC BY 3.0.","category-music-microphone-v3","2026-09-19"
"H Dhami","h-dhami","singer","approved","https://commons.wikimedia.org/wiki/File:H-Dhami.JPG","https://upload.wikimedia.org/wikipedia/commons/5/51/H-Dhami.JPG","Advice.TV","2013-12-26T23:46:20","5687","4493","CC-BY-SA-3.0","https://creativecommons.org/licenses/by-sa/3.0/","High-resolution exact performance photograph suitable for a subject cutout.","High-resolution exact performance photograph suitable for a subject cutout.","Commons file page identifies H-Dhami and licenses the photograph CC BY-SA 3.0; retain share-alike and change disclosure. Source license statement: CC BY-SA 3.0.","category-music-microphone-v3","2026-09-19"
"Hadiqa Kiani","hadiqa-kiani","singer","approved","https://commons.wikimedia.org/wiki/File:Hadiqa_Kiani_Pakistani_Singer.jpg","https://commons.wikimedia.org/wiki/Special:Redirect/file/Hadiqa_Kiani_Pakistani_Singer.jpg","Noah I Aslam","","3744","4995","CC-BY-SA-4.0","https://creativecommons.org/licenses/by-sa/4.0/","confirmed Commons records permission ticket 2016080810001421 for the named photographer/source","High-resolution vertical portrait with excellent crop latitude","APPROVED FOR PORTRAIT DESIGN Keep author credit, source, license link, modification notice, and compatible share-alike terms Source license statement: CC BY-SA 4.0.","category-music-microphone-v3","2026-09-19"
"Happy Raikoti","happy-raikoti","singer","conditional","https://commons.wikimedia.org/wiki/File:Happy_Raikoti.jpg","https://upload.wikimedia.org/wikipedia/commons/9/9c/Happy_Raikoti.jpg","Bollywood Hungama","2020-10-01","169","253","CC-BY-3.0","https://creativecommons.org/licenses/by/3.0/","Exact portrait but only 169 x 253, below a dependable production threshold.","Exact portrait but only 169 x 253, below a dependable production threshold.","Bollywood Hungama VRT permission is confirmed on Commons. Keep only as a last-resort small icon; do not upscale as if it were high resolution. Source license statement: CC BY 3.0.","category-music-microphone-v3","2026-09-19"
"Harjit Harman","harjit-harman","singer","no_verified_free_portrait","","","","","","","","","No exact freely reusable portrait located.","No exact freely reusable portrait located.","Exact-name Commons bitmap search and English Wikipedia/Wikidata image check on 2026-09-19 found no acceptable file.","category-music-microphone-v3","2026-09-19"
"Himesh Reshammiya","himesh-reshammiya","singer","approved","https://commons.wikimedia.org/wiki/File:Himesh.jpg","https://upload.wikimedia.org/wikipedia/commons/4/41/Himesh.jpg","Kaladurga","","800","600","PD","https://commons.wikimedia.org/wiki/File:Himesh.jpg#Licensing","Himesh Reshammiya is Bollywood music director, singer and actor.","Clear, recognizable solo snapshot; sufficient 800px-wide source despite casual pose.","No correction needed Exact subject is identified by the Commons file title/description and visually matches the named singer. No copyright attribution required by the license, but preserve source and author provenance in the project catalog. Copyright license does not waive personality/publicity rights; use as factual EPG identification, not endorsement, and review local requirements before commercial release. not required; neutral microphone remains safe fallback Source license statement: Public domain.","category-music-microphone-v3","2026-09-19"
"Hrithik Roshan","hrithik-roshan","actor","approved","https://commons.wikimedia.org/wiki/File:Hrithik_at_Rado_launch.jpg","https://upload.wikimedia.org/wikipedia/commons/9/9c/Hrithik_at_Rado_launch.jpg","Bollywood Hungama","2016","388","545","CC-BY-3.0","https://creativecommons.org/licenses/by/3.0/","Description explicitly identifies Indian actor Hrithik Roshan at a Rado launch; corrected spelling is verified.","Vertical solo event portrait; enough face detail for guide use, with moderate upscaling only.","Reviewed provider spelling or alias: ""HRTHIK ROSHAN"" maps exactly to ""Hrithik Roshan"". Bollywood Hungama VRT-licensed event photo. Source license statement: CC BY 3.0.","category-movie-clapperboard-v3","2026-09-19"
"Humera Channa","humera-channa","singer","conditional","https://commons.wikimedia.org/wiki/File:Humera_Channa_2019.png","https://commons.wikimedia.org/wiki/Special:Redirect/file/Humera_Channa_2019.png","Electronic Diary","","960","1080","CC-BY-3.0","https://creativecommons.org/licenses/by/3.0/","confirmed spelling/transliteration variant Commons page explicitly carries an unresolved LicenseReview request","Near-square video still with enough resolution for an icon; likely compressed","Reviewed provider spelling or alias: ""HUMAIRA CHANNA"" maps exactly to ""Humera Channa"". HOLD - DO NOT USE YET Require a completed YouTube license review or archived proof of the cited video's compatible license Upstream source: https://youtube.com/watch?v=aeLF1EhCov4&t=28s. Source license statement: CC BY 3.0 claimed from YouTube.","category-music-microphone-v3","2026-09-19"
"Imran Khan","imran-khan","singer","conditional","https://commons.wikimedia.org/wiki/File:Imran_Khan_Singer.jpg","https://commons.wikimedia.org/wiki/Special:Redirect/file/Imran_Khan_Singer.jpg","Bhangrology","","1058","1206","CC-BY-3.0","https://creativecommons.org/licenses/by/3.0/","probable category intent but ambiguous with the former Pakistani prime minister; manual identity confirmation required Commons page cites YouTube but contains no completed license-review result","Portrait-oriented concert frame with useful dimensions","Research identity label normalized from ""Imran Khan - Dutch-Pakistani singer and rapper"" to ""Imran Khan""; keep the identity evidence when reviewing namesakes. HOLD - DO NOT USE YET Confirm the channel means the singer/rapper, not the politician, and obtain completed source-license verification before use Upstream source: https://m.youtube.com/watch?v=4qnPkSnpicI. Source license statement: CC BY 3.0 claimed from YouTube.","category-music-microphone-v3","2026-09-19"
"Inayat Hussain Bhatti","inayat-hussain-bhatti","singer","conditional","https://commons.wikimedia.org/wiki/File:Late_.aniyat_husain_bhatti.jpg","https://commons.wikimedia.org/wiki/Special:Redirect/file/Late_.aniyat_husain_bhatti.jpg","Ravideep1971","","821","1221","CC-BY-SA-4.0","https://creativecommons.org/licenses/by-sa/4.0/","confirmed Uploader marks an archival-looking image as own work but gives no capture date, provenance, or VRT permission","Portrait-oriented historical image at adequate resolution","HOLD - DO NOT USE YET A scan or copy is not automatically the uploader's copyright; require evidence that the uploader photographed the singer or controls the original photograph's rights Source license statement: CC BY-SA 4.0 claimed.","category-music-microphone-v3","2026-09-19"
"Irrfan Khan","irrfan-khan","actor","approved","https://commons.wikimedia.org/wiki/File:IrrfanKhan.jpg","https://upload.wikimedia.org/wikipedia/commons/d/db/IrrfanKhan.jpg","Bollywood Hungama","2008-05","600","861","CC-BY-3.0","https://creativecommons.org/licenses/by/3.0/","Description explicitly identifies Irrfan Khan; corrected spelling is verified.","Vertical event portrait at sufficient resolution for a clean face-and-shoulders crop.","Reviewed provider spelling or alias: ""IRFAN KHAN"" maps exactly to ""Irrfan Khan"". Bollywood Hungama VRT-licensed event photo. Source license statement: CC BY 3.0.","category-movie-clapperboard-v3","2026-09-19"
"Jackie Shroff","jackie-shroff","actor","approved","https://commons.wikimedia.org/wiki/File:Jackie.Shroff.jpg","https://upload.wikimedia.org/wikipedia/commons/7/7f/Jackie.Shroff.jpg","Bollywood Hungama","2010-09-02","585","439","CC-BY-3.0","https://creativecommons.org/licenses/by/3.0/","Description explicitly identifies Jackie Shroff at Ghatkopar Dahi Handi celebrations.","Landscape event portrait; sufficient resolution for a tight upper-body crop.","Selected over the newer 185x270 derivative because this source preserves more usable pixels. Source license statement: CC BY 3.0.","category-movie-clapperboard-v3","2026-09-19"
"Jaggesh","jaggesh","actor","approved","https://commons.wikimedia.org/wiki/File:Jaggesh_(2).jpg","https://upload.wikimedia.org/wikipedia/commons/9/99/Jaggesh_(2).jpg","Indian TV Karnataka - ಇಂಡಿಯನ್ ಟಿವಿ ಕರ್ನಾಟಕ","Date not stated; Commons upload/review 2021-06-14","589","456","CC-BY-3.0","https://creativecommons.org/licenses/by/3.0/","Exact Jaggesh frame; landscape source has sufficient face detail for a centered head/shoulders icon.","Exact Jaggesh frame; landscape source has sufficient face detail for a centered head/shoulders icon.","The source YouTube video was license-reviewed by Lymantria on 2021-06-14 and confirmed CC BY 3.0. Attribute the named channel and state the modification. Source license statement: CC BY 3.0.","category-movie-clapperboard-v3","2026-09-19"
"Jagjit Singh","jagjit-singh","singer","approved","https://commons.wikimedia.org/wiki/File:Jagjit_Singh_%28Ghazal_Maestro%29.jpg","https://upload.wikimedia.org/wikipedia/commons/9/90/Jagjit_Singh_%28Ghazal_Maestro%29.jpg","Krupasindhu Muduli","2011-09-07","1576","2064","CC-BY-SA-3.0","https://creativecommons.org/licenses/by-sa/3.0/","Exact, recognizable performance portrait with adequate resolution.","Exact, recognizable performance portrait with adequate resolution.","Current Commons file is a crop/rotation of the uploader's original. Attribute Krupasindhu Muduli, disclose further edits, and retain share-alike. Source license statement: CC BY-SA 3.0.","category-music-microphone-v3","2026-09-19"
"Jasmine Sandlas","jasmine-sandlas","singer","approved","https://commons.wikimedia.org/wiki/File:Jasmine_Sandlas.jpg","https://upload.wikimedia.org/wikipedia/commons/archive/b/b2/20210831112715%21Jasmine_Sandlas.jpg","Jokepie","2016-05-12","4664","3840","CC-BY-SA-4.0","https://creativecommons.org/licenses/by-sa/4.0/","High-resolution, clear portrait crop; exact identity.","High-resolution, clear portrait crop; exact identity.","Pinned to file revision 2020-08-29T08:32:42Z (SHA-1 7265d3bacf8e05517249bde04e29226c1a38863e). The archive URL name records the later supersession time. A 2021 revision was only 157 x 240; Commons restored identical high-resolution bytes in 2026. File is also GFDL; this audit selects CC BY-SA 4.0. Source license statement: CC BY-SA 4.0.","category-music-microphone-v3","2026-09-19"
"Javed Ali","javed-ali","singer","approved","https://commons.wikimedia.org/wiki/File:Javed_Ali_graces_musical_concert_%E2%80%98Rehmatein-3%E2%80%99.jpg","https://upload.wikimedia.org/wikipedia/commons/e/e2/Javed_Ali_graces_musical_concert_%E2%80%98Rehmatein-3%E2%80%99.jpg","Bollywood Hungama","","412","576","CC-BY-3.0","https://creativecommons.org/licenses/by/3.0","Javed Ali graces musical concert ‘Rehmatein-3’.","Clear solo event portrait; adequate resolution and no projected-screen dependency.","No correction needed A high-resolution file showing only the singer on a venue screen was rejected because the uploader may not own the displayed image. Use this direct Bollywood Hungama portrait. Attribute author/source, retain license link, and identify background removal/cropping as modifications. Copyright license does not waive personality/publicity rights; use as factual EPG identification, not endorsement, and review local requirements before commercial release. not required; neutral microphone remains safe fallback Source license statement: CC BY 3.0.","category-music-microphone-v3","2026-09-19"
"Jaz Dhami","jaz-dhami","singer","approved","https://commons.wikimedia.org/wiki/File:Jaz_Dhami_Punjabi_Artist.jpg","https://upload.wikimedia.org/wikipedia/commons/f/f5/Jaz_Dhami_Punjabi_Artist.jpg","Jazdhami","2012-08-07","5594","3729","CC-BY-SA-3.0","https://creativecommons.org/licenses/by-sa/3.0/","High-resolution exact portrait of the UK Punjabi artist.","High-resolution exact portrait of the UK Punjabi artist.","Self-published Commons upload; retain attribution, share-alike, and change disclosure. Source license statement: CC BY-SA 3.0.","category-music-microphone-v3","2026-09-19"
"Jean-Claude Van Damme","jean-claude-van-damme","actor","approved","https://commons.wikimedia.org/wiki/File:Jean_claude_Van_Damme_sur_le_tournage_de_JCVD_en_octobre_2007.jpg","https://upload.wikimedia.org/wikipedia/commons/8/8b/Jean_claude_Van_Damme_sur_le_tournage_de_JCVD_en_octobre_2007.jpg","Michaël Bemelmans","2007-10-09 15:10:00","2076","1556","CC-BY-SA-4.0","https://creativecommons.org/licenses/by-sa/4.0/","Exact subject on the set of JCVD; wide frame with enough pixels for a face-and-shoulders extraction. JCVD is an explicit provider alias.","Exact subject on the set of JCVD; wide frame with enough pixels for a face-and-shoulders extraction. JCVD is an explicit provider alias.","Reviewed provider spelling or alias: ""JCVD"" maps exactly to ""Jean-Claude Van Damme"". Attribution, license link, and modification notice required. Adapted/cutout version must use CC BY-SA 4.0 or a compatible license. Source license statement: CC BY-SA 4.0.","category-movie-clapperboard-v3","2026-09-19"
"Jim Carrey","jim-carrey","actor","approved","https://commons.wikimedia.org/wiki/File:Jim_Carrey.jpg","https://upload.wikimedia.org/wikipedia/commons/e/ec/Jim_Carrey.jpg","Jean-François Gornet","2010-02-01 20:09:08","2378","2379","CC-BY-SA-2.0","https://creativecommons.org/licenses/by-sa/2.0/","Exact subject; high-resolution square black-and-white profile portrait. The side profile is distinctive, so avoid mirroring or over-tight face cropping.","Exact subject; high-resolution square black-and-white profile portrait. The side profile is distinctive, so avoid mirroring or over-tight face cropping.","Attribution, license link, and modification notice required. Any adapted/cutout version must remain under CC BY-SA 2.0 or a compatible license. Source license statement: CC BY-SA 2.0.","category-movie-clapperboard-v3","2026-09-19"
"Jimmy Carr","jimmy-carr","actor","approved","https://commons.wikimedia.org/wiki/File:Jimmy_Carr,_2015-04-13_3_(crop).jpg","https://upload.wikimedia.org/wikipedia/commons/9/94/Jimmy_Carr%2C_2015-04-13_3_%28crop%29.jpg","Albin Olsson","2015-04-13 21:35:56","1668","1503","CC-BY-SA-4.0","https://creativecommons.org/licenses/by-sa/4.0/","Exact subject; close stage crop with ample pixels. Preserve the full head and distinctive expression.","Exact subject; close stage crop with ample pixels. Preserve the full head and distinctive expression.","Attribution, license link, and modification notice required. Adapted/cutout version must use CC BY-SA 4.0 or a compatible license. Source license statement: CC BY-SA 4.0.","category-movie-clapperboard-v3","2026-09-19"
"John Abraham","john-abraham","actor","approved","https://commons.wikimedia.org/wiki/File:John_at_Trailor_launch_of_%27Shootout_At_Wadala%27.jpg","https://upload.wikimedia.org/wikipedia/commons/5/5e/John_at_Trailor_launch_of_%27Shootout_At_Wadala%27.jpg","Bollywood Hungama","Unknown date (not supplied on file page)","585","881","CC-BY-3.0","https://creativecommons.org/licenses/by/3.0/","Description identifies actor John Abraham at the Shootout at Wadala trailer launch; corrected spelling and intended person are verified.","Solo vertical event photograph; strong head-and-torso crop.","Research identity label normalized from ""John Abraham (Indian actor)"" to ""John Abraham""; keep the identity evidence when reviewing namesakes. Reviewed provider spelling or alias: ""JHON ABRAHAM"" maps exactly to ""John Abraham"". Bollywood Hungama VRT-licensed event photo; not another same-name person. Source license statement: CC BY 3.0.","category-movie-clapperboard-v3","2026-09-19"
"Johnny Lever","johnny-lever","actor","approved","https://commons.wikimedia.org/wiki/File:Bollywood_Actor_Johnny_Lever_by_Creativo_Camaal_of_Lens_Naayak_Photography_Mumbai_India.jpg","https://upload.wikimedia.org/wikipedia/commons/b/be/Bollywood_Actor_Johnny_Lever_by_Creativo_Camaal_of_Lens_Naayak_Photography_Mumbai_India.jpg","CreativoCamaal of Lens Naayak Photography","2010-01-01","1936","1296","CC-BY-SA-4.0","https://creativecommons.org/licenses/by-sa/4.0/","Exact actor is explicitly identified by the photographer and Commons file description.","High-resolution professional photograph; ample detail for an isolated head-and-shoulders crop.","ShareAlike applies to the transparent cutout/adaptation. Source license statement: CC BY-SA 4.0.","category-movie-clapperboard-v3","2026-09-19"
"Johnny Walker","johnny-walker","actor","no_verified_free_portrait","","","N/A","N/A","","","","","The correct Commons category for Badruddin Jamaluddin Kazi contains no files. Google/web results titled Johnny Walker.png, Johnny Walker (Actor).png, and Johnny Walker 01/02 depict the unrelated American silent-film actor Johnnie Walker.","No exact compatible portrait was verified; use the neutral actor/movie fallback.","Research identity label normalized from ""Johnny Walker (Badruddin Jamaluddin Kazi, Indian actor)"" to ""Johnny Walker""; keep the identity evidence when reviewing namesakes. Reviewed provider spelling or alias: ""JHONY WALKER"" maps exactly to ""Johnny Walker"". Rejected all silent-film-actor public-domain files as wrong identity, plus unlicensed editorial/film-still results. Source license statement: N/A.","category-movie-clapperboard-v3","2026-09-19"
"K. S. Chithra","k-s-chithra","singer","approved","https://commons.wikimedia.org/wiki/File:Melody_Queen_of_Indian_Cinema_Dr._K_S_Chithra.jpg","https://upload.wikimedia.org/wikipedia/commons/6/69/Melody_Queen_of_Indian_Cinema_Dr._K_S_Chithra.jpg","VARDHANSIMHA","","1638","2048","CC0-1.0","http://creativecommons.org/publicdomain/zero/1.0/deed.en","Melody Queen of Indian Cinema Dr. K S Chithra","High-resolution staged portrait with a clear face and recognizable performance context.","No correction needed Exact subject is identified by the Commons file title/description and visually matches the named singer. No copyright attribution required by the license, but preserve source and author provenance in the project catalog. Copyright license does not waive personality/publicity rights; use as factual EPG identification, not endorsement, and review local requirements before commercial release. not required; neutral microphone remains safe fallback Source license statement: CC0.","category-music-microphone-v3","2026-09-19"
"Kader Khan","kader-khan","actor","approved","https://commons.wikimedia.org/wiki/File:Kader_Khan_2012.jpg","https://upload.wikimedia.org/wikipedia/commons/2/2f/Kader_Khan_2012.jpg","Bollywood Hungama","2012-06-06","585","881","CC-BY-3.0","https://creativecommons.org/licenses/by/3.0/","Description explicitly identifies Indian Bollywood actor Kader Khan.","Solo vertical event portrait; good icon crop.","Bollywood Hungama VRT-licensed event photo. Source license statement: CC BY 3.0.","category-movie-clapperboard-v3","2026-09-19"
"Kavita Krishnamurti","kavita-krishnamurti","singer","approved","https://commons.wikimedia.org/wiki/File:Kavitha_Krishnamurty_DSC_0510.JPG","https://upload.wikimedia.org/wikipedia/commons/6/68/Kavitha_Krishnamurty_DSC_0510.JPG","KannanShanmugam,Shanmugam studio,Kollam,Kerala,India","","2103","3232","CC-BY-SA-3.0","https://creativecommons.org/licenses/by-sa/3.0","Kavita Krishnamurthy (Hindi: कविता कृष्णमूर्ति सुब्रमण्यम; Tamil: கவிதா கிருஷ்ணமுர்த்தி சுப்பிரமணியம்) is one of the most famous Indian film playback singers.","High-resolution solo performance portrait with clear face and clothing edges.","No correction needed Exact subject is identified by the Commons file title/description and visually matches the named singer. Attribute author/source; release distributed cutout adaptation under the same or compatible ShareAlike license; retain license link and change notice. Copyright license does not waive personality/publicity rights; use as factual EPG identification, not endorsement, and review local requirements before commercial release. not required; neutral microphone remains safe fallback Source license statement: CC BY-SA 3.0.","category-music-microphone-v3","2026-09-19"
"Kay Kay Menon","kay-kay-menon","actor","approved","https://commons.wikimedia.org/wiki/File:Kay_Kay_Act.JPG","https://upload.wikimedia.org/wikipedia/commons/9/90/Kay_Kay_Act.JPG","Niveditasec","2014-07-05","1200","1800","CC-BY-SA-4.0","https://creativecommons.org/licenses/by-sa/4.0/","Own-work file description explicitly identifies Kay Kay Menon.","High-resolution vertical portrait/event frame; excellent latitude for a centered upper-body crop.","Prefer this source over the much smaller 2026 event derivative; ShareAlike applies. Source license statement: CC BY-SA 4.0.","category-movie-clapperboard-v3","2026-09-19"
"Kishore Kumar","kishore-kumar","singer","conditional","https://commons.wikimedia.org/wiki/File:Kishore_Kumar_2016_postcard_of_India_(cropped).jpg","https://upload.wikimedia.org/wikipedia/commons/c/c2/Kishore_Kumar_2016_postcard_of_India_%28cropped%29.jpg","India Post, Government of India","","513","643","GODL-India","https://data.gov.in/sites/default/files/Gazette_Notification_OGDL.pdf","Legendary singers of India","Clear photographic portrait embedded in an official India Post postcard and already cropped to the person.","Reviewed provider spelling or alias: ""KISHOR KUMAR"" maps exactly to ""Kishore Kumar"". Match only as reviewed alias: KISHOR KUMAR → Kishore Kumar GODL-India is a free government-data license rather than CC/CC0. Confirm that the project accepts this license and reproduce the required India Post attribution; otherwise use the microphone fallback. Follow GODL-India attribution and non-endorsement terms; document the crop as a modification. Copyright license does not waive personality/publicity rights; use as factual EPG identification, not endorsement, and review local requirements before commercial release. neutral microphone icon","category-music-microphone-v3","2026-09-19"
"KK","kk","singer","approved","https://commons.wikimedia.org/wiki/File:KK_(124)_(headshot).jpg","https://upload.wikimedia.org/wikipedia/commons/4/4a/KK_%28124%29_%28headshot%29.jpg","Endeshow1","","1348","1054","CC-BY-SA-3.0","https://creativecommons.org/licenses/by-sa/3.0","Performing Live at The JockeyClub Auditorium, Hong Kong","Excellent tightly cropped performance headshot with strong facial detail.","Research identity label normalized from ""KK (Krishnakumar Kunnath)"" to ""KK""; keep the identity evidence when reviewing namesakes. Reviewed provider spelling or alias: ""K.K"" maps exactly to ""KK"". Match only as reviewed alias: K.K → KK (Krishnakumar Kunnath) Exact subject is identified by the Commons file title/description and visually matches the named singer. Attribute author/source; release distributed cutout adaptation under the same or compatible ShareAlike license; retain license link and change notice. Copyright license does not waive personality/publicity rights; use as factual EPG identification, not endorsement, and review local requirements before commercial release. not required; neutral microphone remains safe fallback Source license statement: CC BY-SA 3.0.","category-music-microphone-v3","2026-09-19"
"Komal Rizvi","komal-rizvi","singer","approved","https://commons.wikimedia.org/wiki/File:Komal_Rizvi_.jpeg","https://commons.wikimedia.org/wiki/Special:Redirect/file/Komal_Rizvi_.jpeg","Mikailkhan1","","2320","3088","CC-BY-SA-4.0","https://creativecommons.org/licenses/by-sa/4.0/","confirmed Commons self-published own-work declaration; exact artist and rehearsal context stated","High-resolution vertical rehearsal portrait with strong crop latitude","APPROVED FOR PORTRAIT DESIGN Keep author credit, source, license link, modification notice, and compatible share-alike terms Source license statement: CC BY-SA 4.0.","category-music-microphone-v3","2026-09-19"
"Kumar Sanu","kumar-sanu","singer","approved","https://commons.wikimedia.org/wiki/File:Kumar_sanu_3_idiots.jpg","https://upload.wikimedia.org/wikipedia/commons/3/39/Kumar_sanu_3_idiots.jpg","Bollywood Hungama","","585","439","CC-BY-3.0","https://creativecommons.org/licenses/by/3.0","Kumar sanu","Recognizable upper-body event image; adequate source detail for small-guide display.","No correction needed Exact subject is identified by the Commons file title/description and visually matches the named singer. Attribute author/source, retain license link, and identify background removal/cropping as modifications. Copyright license does not waive personality/publicity rights; use as factual EPG identification, not endorsement, and review local requirements before commercial release. not required; neutral microphone remains safe fallback Source license statement: CC BY 3.0.","category-music-microphone-v3","2026-09-19"
"Kunal Ganjawala","kunal-ganjawala","singer","conditional","https://commons.wikimedia.org/wiki/File:Kunal_Ganjawala_playback_Singer_02.jpg","https://upload.wikimedia.org/wikipedia/commons/d/d7/Kunal_Ganjawala_playback_Singer_02.jpg","Tarunsamanta","","4000","1800","CC-BY-SA-4.0","https://creativecommons.org/licenses/by-sa/4.0","KunalGanjawala playback Singer in Kolkata Kali puja 2025","High-resolution stage photograph, but several people are present and the singer is not already isolated.","No correction needed Conditional on manual identity/crop verification because multiple performers appear. Do not let automated subject extraction choose another performer. Attribute author/source; release distributed cutout adaptation under the same or compatible ShareAlike license; retain license link and change notice. Copyright license does not waive personality/publicity rights; use as factual EPG identification, not endorsement, and review local requirements before commercial release. neutral microphone icon Source license statement: CC BY-SA 4.0.","category-music-microphone-v3","2026-09-19"
"Kunal Khemu","kunal-khemu","actor","approved","https://commons.wikimedia.org/wiki/File:Kunal_Khemu.jpg","https://upload.wikimedia.org/wikipedia/commons/0/07/Kunal_Khemu.jpg","CNX : India","4 March 2019","509","498","CC-BY-3.0","https://creativecommons.org/licenses/by/3.0/","Exact subject; clean close headshot extracted from a CC-licensed video; strong square head-and-shoulders crop.","Exact subject; clean close headshot extracted from a CC-licensed video; strong square head-and-shoulders crop.","File-page license and exact identity verified; retain attribution and any ShareAlike obligations. File:Vogue x Marriott- Memory Makers - Soha & Kunal.webm Source license statement: CC BY 3.0.","category-movie-clapperboard-v3","2026-09-19"
"Labh Janjua","labh-janjua","singer","conditional","https://commons.wikimedia.org/wiki/File:Labh_Janjua_%28cropped%29.jpg","https://upload.wikimedia.org/wikipedia/commons/e/e2/Labh_Janjua_%28cropped%29.jpg","Bollywood Hungama","2014-04-21","282","320","CC-BY-3.0","https://creativecommons.org/licenses/by/3.0/","Exact extracted portrait but only 282 x 320.","Exact extracted portrait but only 282 x 320.","Bollywood Hungama VRT permission is confirmed on Commons. Use only if the small source remains acceptable at final icon size. Source license statement: CC BY 3.0.","category-music-microphone-v3","2026-09-19"
"Lakhwinder Singh","lakhwinder-singh","singer","no_verified_free_portrait","","","","","","","","","The canonical string remains too ambiguous to attach to one singer safely.","The canonical string remains too ambiguous to attach to one singer safely.","Exact-name Commons and English Wikipedia checks did not resolve a unique Punjabi singer or an exact reusable portrait.","category-music-microphone-v3","2026-09-19"
"Lata Mangeshkar","lata-mangeshkar","singer","approved","https://commons.wikimedia.org/wiki/File:Lata_Mangeshkar.jpg","https://upload.wikimedia.org/wikipedia/commons/3/38/Lata_Mangeshkar.jpg","Bollywood Hungama","","438","517","CC-BY-3.0","https://creativecommons.org/licenses/by/3.0","Announcement of the Master Dinanath Mangeshkar Awards 2013 winners","Clear close event portrait; moderate 438px width is adequate for a small guide icon.","No correction needed Exact subject is identified by the Commons file title/description and visually matches the named singer. Attribute author/source, retain license link, and identify background removal/cropping as modifications. Copyright license does not waive personality/publicity rights; use as factual EPG identification, not endorsement, and review local requirements before commercial release. not required; neutral microphone remains safe fallback Source license statement: CC BY 3.0. An approved cutout for this exact subject already exists in the production icon catalog; preserve it unless a replacement is reviewed intentionally.","category-music-microphone-v3","2026-09-19"
"Lehmber Hussainpuri","lehmber-hussainpuri","singer","no_verified_free_portrait","","","","","","","","","No exact freely reusable portrait located.","No exact freely reusable portrait located.","Exact-name Commons bitmap search and English Wikipedia/Wikidata image check on 2026-09-19 found no acceptable file.","category-music-microphone-v3","2026-09-19"
"Lokesh","lokesh","actor","conditional","https://commons.wikimedia.org/wiki/File:Lokesh.jpg","https://upload.wikimedia.org/wikipedia/commons/e/ea/Lokesh.jpg","Rjayaramegowda","2005-05-11","412","566","CC-BY-SA-4.0","https://creativecommons.org/licenses/by-sa/4.0/","Global usage points to Kannada actor Lokesh (Q6668645), not Lokesh Kanagaraj or Srujan Lokesh. Visually treat the mononym as an exact-only mapping.","Global usage points to Kannada actor Lokesh (Q6668645), not Lokesh Kanagaraj or Srujan Lokesh. Visually treat the mononym as an exact-only mapping.","Do not deploy yet: Lokesh died in 2004, but the uploader labels this 2005 image as own work; FBMD metadata suggests a social-media derivative. Obtain provenance/date clarification before relying on the license claim. Source license statement: CC BY-SA 4.0 (tagged, provenance unresolved).","category-movie-clapperboard-v3","2026-09-19"
"Louis Theroux","louis-theroux","actor","approved","https://commons.wikimedia.org/wiki/File:Louis_Theroux_crop.jpg","https://upload.wikimedia.org/wikipedia/commons/1/1d/Louis_Theroux_crop.jpg","Claire Boxall","2018-05-25","1216","1748","CC0-1.0","https://creativecommons.org/publicdomain/zero/1.0/","Exact Louis Theroux portrait, already tightly cropped and suitable for head-and-shoulders extraction.","Exact Louis Theroux portrait, already tightly cropped and suitable for head-and-shoulders extraction.","The file page states that Claire Boxall released the work into the public domain worldwide; Commons structured data also identifies CC0. Source license statement: Public domain (PD-author; Commons structured data records CC0).","category-movie-clapperboard-v3","2026-09-19"
"Lucky Ali","lucky-ali","singer","approved","https://commons.wikimedia.org/wiki/File:Lucky_Ali_at_a_concert_in_Goa.jpg","https://upload.wikimedia.org/wikipedia/commons/b/b9/Lucky_Ali_at_a_concert_in_Goa.jpg","Karthik Rangappa","","3594","5982","CC-BY-2.0","https://creativecommons.org/licenses/by/2.0","Lucky Ali, performing in Goa, December 2020","Excellent high-resolution solo concert portrait with clear identity and outline.","No correction needed Exact subject is identified by the Commons file title/description and visually matches the named singer. Attribute author/source, retain license link, and identify background removal/cropping as modifications. Copyright license does not waive personality/publicity rights; use as factual EPG identification, not endorsement, and review local requirements before commercial release. not required; neutral microphone remains safe fallback Source license statement: CC BY 2.0.","category-music-microphone-v3","2026-09-19"
"Malkit Singh","malkit-singh","singer","conditional","https://commons.wikimedia.org/wiki/File:Andrew_Scheer_celebrated_Indian_Independence_Day_%2844177059821%29_%28cropped%29.jpg","https://upload.wikimedia.org/wikipedia/commons/a/ad/Andrew_Scheer_celebrated_Indian_Independence_Day_%2844177059821%29_%28cropped%29.jpg","Andrew Scheer","2018-08-19T14:38:00","2132","2843","CC0-1.0","https://creativecommons.org/publicdomain/zero/1.0/","Strong close view, but Malkit wears sunglasses and neighboring people/a hand remain in the event crop.","Strong close view, but Malkit wears sunglasses and neighboring people/a hand remain in the event crop.","Commons lists Andrew Scheer as author while embedded EXIF says 'Photos Andre Forget / OLO'. CC0 removes an attribution requirement, but the provenance discrepancy should remain attached to the source. Source license statement: CC0 1.0.","category-music-microphone-v3","2026-09-19"
"Maninder Buttar","maninder-buttar","singer","no_verified_free_portrait","","","","","","","","","No exact freely reusable portrait located.","No exact freely reusable portrait located.","The English Wikipedia article has no Commons portrait, and exact-name Commons bitmap search found no acceptable file.","category-music-microphone-v3","2026-09-19"
"Manmohan Waris","manmohan-waris","singer","no_verified_free_portrait","","","","","","","","","No exact freely reusable portrait located.","No exact freely reusable portrait located.","Exact-name Commons bitmap search and English Wikipedia/Wikidata image check on 2026-09-19 found no acceptable file.","category-music-microphone-v3","2026-09-19"
"Mehmood","mehmood","actor","no_verified_free_portrait","https://commons.wikimedia.org/wiki/File:Actor_Mehmood_Ali_2013_stamp_of_India.jpg","https://upload.wikimedia.org/wikipedia/commons/e/ef/Actor_Mehmood_Ali_2013_stamp_of_India.jpg","India Post, Government of India","3 May 2013","929","691","GODL-India","https://commons.wikimedia.org/wiki/File:Actor_Mehmood_Ali_2013_stamp_of_India.jpg#Licensing","Exact person appears only as artwork on a commemorative stamp in the verified Commons category; this is not a reusable real portrait.","Exact person appears only as artwork on a commemorative stamp in the verified Commons category; this is not a reusable real portrait.","Research identity label normalized from ""Mehmood Ali"" to ""Mehmood""; keep the identity evidence when reviewing namesakes. Rejected: GODL-India is outside the stated PD/CC allowlist, and the asset is a stamp rather than a real photograph. Getty/press/fan results lacked reusable-license evidence. Keep the neutral actor fallback. [1] [2]","category-movie-clapperboard-v3","2026-09-19"
"Michael McIntyre","michael-mcintyre","actor","approved","https://commons.wikimedia.org/wiki/File:Michael_McIntyre.jpg","https://upload.wikimedia.org/wikipedia/commons/a/a7/Michael_McIntyre.jpg","Damien Everett","2009-04-26 18:07","832","1380","CC-BY-2.0","https://creativecommons.org/licenses/by/2.0/","Exact subject on a BAFTA red carpet; tall portrait. Crop to face and upper torso while retaining the hair outline.","Exact subject on a BAFTA red carpet; tall portrait. Crop to face and upper torso while retaining the hair outline.","Attribution, license link, and modification notice required. Source license statement: CC BY 2.0.","category-movie-clapperboard-v3","2026-09-19"
"Michael Moore","michael-moore","actor","approved","https://commons.wikimedia.org/wiki/File:Michael_Moore_(2).jpg","https://upload.wikimedia.org/wikipedia/commons/d/d0/Michael_Moore_(2).jpg","Andrew McFarlane","2005-07-28 19:10","800","600","CC-BY-2.0","https://creativecommons.org/licenses/by/2.0/","Exact filmmaker Michael Moore speaking at the Traverse City Film Festival; crop to face/shoulders and omit the event background.","Exact filmmaker Michael Moore speaking at the Traverse City Film Festival; crop to face/shoulders and omit the event background.","Flickr-origin license was reviewed by FlickreviewR on 2008-05-07. Attribution and modification notice are required. Source license statement: CC BY 2.0.","category-movie-clapperboard-v3","2026-09-19"
"Mickey Singh","mickey-singh","singer","conditional","https://commons.wikimedia.org/wiki/File:Mickey_still.jpg","https://upload.wikimedia.org/wikipedia/commons/f/f1/Mickey_still.jpg","Hsking24","2014-09-18","339","521","CC-BY-SA-4.0","https://creativecommons.org/licenses/by-sa/4.0/","Exact photoshoot portrait, but only 339 x 521.","Exact photoshoot portrait, but only 339 x 521.","Self-published Commons upload. Identity is corroborated by exact article/Wikidata usage; retain attribution, share-alike, and modification disclosure. Source license statement: CC BY-SA 4.0.","category-music-microphone-v3","2026-09-19"
"Micky Flanagan","micky-flanagan","actor","approved","https://commons.wikimedia.org/wiki/File:Micky_Flanagan.jpg","https://upload.wikimedia.org/wikipedia/commons/a/a2/Micky_Flanagan.jpg","Dave Smith","2010-09-10 22:21:37","406","470","CC-BY-2.0","https://creativecommons.org/licenses/by/2.0/","Exact subject and already tightly framed. Lowest-resolution approved source in this set; adequate for a small guide icon, but do not upscale aggressively.","Exact subject and already tightly framed. Lowest-resolution approved source in this set; adequate for a small guide icon, but do not upscale aggressively.","Attribution, license link, and modification notice required. Recheck sharpness in the final icon preview. Source license statement: CC BY 2.0.","category-movie-clapperboard-v3","2026-09-19"
"Miss Pooja","miss-pooja","singer","approved","https://commons.wikimedia.org/wiki/File:Miss_Pooja_%40_Canada%27s_Wonderland_%282009-08-29%29.jpg","https://upload.wikimedia.org/wikipedia/commons/b/b2/Miss_Pooja_%40_Canada%27s_Wonderland_%282009-08-29%29.jpg","Atamjeetk","2009-08-29","2411","2680","CC-BY-SA-3.0","https://creativecommons.org/licenses/by-sa/3.0/","High-resolution exact performance image; current file is the uploader's subject-focused crop.","High-resolution exact performance image; current file is the uploader's subject-focused crop.","Uploader claims own work. Stage lighting and microphone remain; retain share-alike and change disclosure. Source license statement: CC BY-SA 3.0.","category-music-microphone-v3","2026-09-19"
"Mithun Chakraborty","mithun-chakraborty","actor","approved","https://commons.wikimedia.org/wiki/File:Mitun-chakraborty_(cropped).jpg","https://upload.wikimedia.org/wikipedia/commons/e/ea/Mitun-chakraborty_%28cropped%29.jpg","User:Graphikamaal","22 July 2009","2048","2592","CC-BY-3.0","https://creativecommons.org/licenses/by/3.0/","Exact subject; tight high-resolution face crop; excellent cutout source.","Exact subject; tight high-resolution face crop; excellent cutout source.","Reviewed provider spelling or alias: ""MITRHAN CHAKRABORTY"" maps exactly to ""Mithun Chakraborty"". Inventory spelling normalized from “Mitrhan” to Mithun Chakraborty. File:Mitun-chakraborty.JPG Source license statement: CC BY 3.0.","category-movie-clapperboard-v3","2026-09-19"
"Mohammed Aziz","mohammed-aziz","singer","approved","https://commons.wikimedia.org/wiki/File:Mohammad_Aziz_interview.png","https://upload.wikimedia.org/wikipedia/commons/1/13/Mohammad_Aziz_interview.png","Devang Bhatt (@devangbhatt27ATITHI)","","769","769","CC-BY-3.0","https://creativecommons.org/licenses/by/3.0","Mohammad Aziz in an interview by Devang Bhatt, titled ""Musical Journey of Mohammad Aziz Exclusive Interview""","Clear interview frame of the singer at useful resolution; suitable for a head-and-shoulders crop.","Reviewed provider spelling or alias: ""MOHAMMAD AZIZ"" maps exactly to ""Mohammed Aziz"". Match only as reviewed alias: MOHAMMAD AZIZ → Mohammed Aziz A Commons file named 'Mohammad Aziz.jpg' was rejected because it depicts a UK research student, not the singer. Use only the selected interview frame. Attribute author/source, retain license link, and identify background removal/cropping as modifications. Copyright license does not waive personality/publicity rights; use as factual EPG identification, not endorsement, and review local requirements before commercial release. not required; neutral microphone remains safe fallback Source license statement: CC BY 3.0.","category-music-microphone-v3","2026-09-19"
"Mohammed Rafi","mohammed-rafi","singer","conditional","https://commons.wikimedia.org/wiki/File:Mohammed_Rafi_2016_postcard_of_India_crop-flip.jpg","https://upload.wikimedia.org/wikipedia/commons/0/05/Mohammed_Rafi_2016_postcard_of_India_crop-flip.jpg","India Post, Government of India","","586","642","GODL-India","https://data.gov.in/sites/default/files/Gazette_Notification_OGDL.pdf","Legendary singers of India","Clear photographic portrait embedded in an official India Post postcard and already cropped to the person.","Reviewed provider spelling or alias: ""MOHAMMAD RAFI"" maps exactly to ""Mohammed Rafi"". Match only as reviewed alias: MOHAMMAD RAFI → Mohammed Rafi GODL-India is a free government-data license rather than CC/CC0. Confirm that the project accepts this license and reproduce the required India Post attribution; otherwise use the microphone fallback. Follow GODL-India attribution and non-endorsement terms; document the crop as a modification. Copyright license does not waive personality/publicity rights; use as factual EPG identification, not endorsement, and review local requirements before commercial release. neutral microphone icon","category-music-microphone-v3","2026-09-19"
"Mohit Chauhan","mohit-chauhan","singer","approved","https://commons.wikimedia.org/wiki/File:Mohit_Chauhan_performing_at_Alcheringa%2713.jpg","https://upload.wikimedia.org/wikipedia/commons/5/56/Mohit_Chauhan_performing_at_Alcheringa%2713.jpg","Alcheringa1000","","3456","4082","CC-BY-SA-3.0","https://creativecommons.org/licenses/by-sa/3.0","https://en.wikipedia.org/wiki/Alcheringa_%28festival%29 Other information nothing","High-resolution solo performance profile with good subject separation.","Reviewed provider spelling or alias: ""MOHIT CHAHUAN"" maps exactly to ""Mohit Chauhan"". Match only as reviewed alias: MOHIT CHAHUAN → Mohit Chauhan Exact subject is identified by the Commons file title/description and visually matches the named singer. Attribute author/source; release distributed cutout adaptation under the same or compatible ShareAlike license; retain license link and change notice. Copyright license does not waive personality/publicity rights; use as factual EPG identification, not endorsement, and review local requirements before commercial release. not required; neutral microphone remains safe fallback Source license statement: CC BY-SA 3.0.","category-music-microphone-v3","2026-09-19"
"Momina Mustehsan","momina-mustehsan","singer","approved","https://commons.wikimedia.org/wiki/File:Momina_Mustehsan_at_New_Islamabad_Airport_(cropped).jpg","https://commons.wikimedia.org/wiki/Special:Redirect/file/Momina_Mustehsan_at_New_Islamabad_Airport_(cropped).jpg","Sintegrity","","1056","1055","CC-BY-SA-4.0","https://creativecommons.org/licenses/by-sa/4.0/","confirmed Commons own-work declaration; documented crop of the uploader's original photograph","Square candid portrait at useful icon resolution","APPROVED FOR PORTRAIT DESIGN Keep author credit, source, license link, modification notice, and compatible share-alike terms Source license statement: CC BY-SA 4.0.","category-music-microphone-v3","2026-09-19"
"Mukesh","mukesh","singer","approved","https://commons.wikimedia.org/wiki/File:Mukesh_Indian_Singer.jpg","https://upload.wikimedia.org/wikipedia/commons/3/3b/Mukesh_Indian_Singer.jpg","Bombay Office, Photo Division, Government of India","","592","849","PD","https://commons.wikimedia.org/wiki/File:Mukesh_Indian_Singer.jpg#Licensing","BOMBAY OFFICE/January,1956,A14fMukesh – a famous play back singer in the Indian Film Industry. The handsome artists has also tried his hand at acting and producing.Photo Number:-50332","Historic full-body Government of India studio portrait with a clear face and public-domain provenance.","Research identity label normalized from ""Mukesh (Mukesh Chand Mathur)"" to ""Mukesh""; keep the identity evidence when reviewing namesakes. Match only as reviewed alias: MUKESH → Mukesh (Mukesh Chand Mathur) Exact subject is identified by the Commons file title/description and visually matches the named singer. No copyright attribution required by the license, but preserve source and author provenance in the project catalog. Copyright license does not waive personality/publicity rights; use as factual EPG identification, not endorsement, and review local requirements before commercial release. not required; neutral microphone remains safe fallback Source license statement: Public domain.","category-music-microphone-v3","2026-09-19"
"Munawar Zarif","munawar-zarif","actor","approved","https://commons.wikimedia.org/wiki/File:Munawar_Zarif_Ajj_Da_Mehinwal.jpg","https://upload.wikimedia.org/wikipedia/commons/9/9d/Munawar_Zarif_Ajj_Da_Mehinwal.jpg","A. Qayum","1973-09-14","592","600","PD-Pakistan-US-1996","https://commons.wikimedia.org/wiki/File:Munawar_Zarif_Ajj_Da_Mehinwal.jpg#Licensing","Exact subject in a film still from Ajj Da Mehinwal (1973); nearly square and usable for a small icon. Keep the face centered and avoid enlarging beyond guide-logo scale.","Exact subject in a film still from Ajj Da Mehinwal (1973); nearly square and usable for a small icon. Keep the face centered and avoid enlarging beyond guide-logo scale.","File page states that the Pakistani cinematographic-work term has expired and also gives a U.S. public-domain basis under PD-1996. Preserve source and author provenance. Source license statement: Public domain — PD-Pakistan and PD-US-1996.","category-movie-clapperboard-v3","2026-09-19"
"Mustafa Zahid","mustafa-zahid","singer","approved","https://commons.wikimedia.org/wiki/File:Mustafa_Zahid_at_Bradfort.jpg","https://commons.wikimedia.org/wiki/Special:Redirect/file/Mustafa_Zahid_at_Bradfort.jpg","Noman2013","","360","640","CC-BY-SA-3.0","https://creativecommons.org/licenses/by-sa/3.0/","confirmed Commons self-published own-work declaration; exact subject named on the file page","Portrait-oriented but only 360 px wide; test the face crop at final icon size","APPROVED FOR PORTRAIT DESIGN Keep author credit, license link, and modification notice; release the adapted portrait under a compatible CC BY-SA license Source license statement: CC BY-SA 3.0.","category-music-microphone-v3","2026-09-19"
"Nabeel Shaukat Ali","nabeel-shaukat-ali","singer","no_verified_free_portrait","","","","","","","","","resolved from repository fallback person-fallback-nabeel-shaukat-ali Commons MediaSearch/API, Wikidata, Wikipedia-page-image, Flickr, and web/image searches found no verified free portrait","No usable portrait located","Reviewed provider spelling or alias: ""NABEEL SHOUKAT"" maps exactly to ""Nabeel Shaukat Ali"". NO ASSET Do not reuse Spotify, SoundCloud, album-art, or press images without an explicit qualifying license","category-music-microphone-v3","2026-09-19"
"Nachhatar Gill","nachhatar-gill","singer","no_verified_free_portrait","","","","","","","","","No exact freely reusable portrait located.","No exact freely reusable portrait located.","Exact-name Commons bitmap search and English Wikipedia/Wikidata image check on 2026-09-19 found no acceptable file.","category-music-microphone-v3","2026-09-19"
"Nakash Aziz","nakash-aziz","singer","approved","https://commons.wikimedia.org/wiki/File:Nakash_Aziz.jpg","https://upload.wikimedia.org/wikipedia/commons/c/c1/Nakash_Aziz.jpg","Saurabhlall-1708","","7360","4912","CC-BY-SA-4.0","https://creativecommons.org/licenses/by-sa/4.0","Photograph of popular singer & composer Nakash Aziz.","Very high-resolution solo stage image; face and microphone remain recognizable.","No correction needed Exact subject is identified by the Commons file title/description and visually matches the named singer. Attribute author/source; release distributed cutout adaptation under the same or compatible ShareAlike license; retain license link and change notice. Copyright license does not waive personality/publicity rights; use as factual EPG identification, not endorsement, and review local requirements before commercial release. not required; neutral microphone remains safe fallback Source license statement: CC BY-SA 4.0.","category-music-microphone-v3","2026-09-19"
"Nana Patekar","nana-patekar","actor","approved","https://commons.wikimedia.org/wiki/File:Nana_Patekar_2025.jpg","https://upload.wikimedia.org/wikipedia/commons/6/6f/Nana_Patekar_2025.jpg","Bollywood Hungama","28 May 2025","393","491","CC-BY-3.0","https://creativecommons.org/licenses/by/3.0/","Exact subject; solo recent portrait with clear head and shoulders; suitable for a square icon.","Exact subject; solo recent portrait with clear head and shoulders; suitable for a square icon.","File-page license and exact identity verified; retain attribution and any ShareAlike obligations. https://www.bollywoodhungama.com/news/parties-and-events/photos-akshay-kumar-abhishek-bachchan-riteish-deshmukh-others-grace-trailer-launch-housefull-5/photos-akshay-kumar-abhishek-bachchan-riteish-deshmukh-and-others-grace-the-trailer-launch-of-housefull-5-1-2/ Source license statement: CC BY 3.0.","category-movie-clapperboard-v3","2026-09-19"
"Naseebo Lal","naseebo-lal","singer","conditional","https://commons.wikimedia.org/wiki/File:Naseebo_Lal_2017_(2).png","https://commons.wikimedia.org/wiki/Special:Redirect/file/Naseebo_Lal_2017_(2).png","Zahid films photography","","360","360","CC-BY-3.0","https://creativecommons.org/licenses/by/3.0/","confirmed Commons page explicitly carries an unresolved LicenseReview request","Only 360x360 and visibly sourced from video; marginal for a clean cutout","HOLD - DO NOT USE YET Require completed source-license review and test the face crop at final icon size Upstream source: https://youtube.com/watch?v=41jfXE5DMoM&t=37s. Source license statement: CC BY 3.0 claimed from YouTube.","category-music-microphone-v3","2026-09-19"
"Naseeruddin Shah","naseeruddin-shah","actor","conditional","https://commons.wikimedia.org/wiki/File:Naseeruddin_Shah_Audio_release_of_%27Maximum%27_06_(cropped).jpg","https://upload.wikimedia.org/wikipedia/commons/0/0a/Naseeruddin_Shah_Audio_release_of_%27Maximum%27_06_%28cropped%29.jpg","Bollywood Hungama","19 June 2012","266","364","CC-BY-3.0","https://creativecommons.org/licenses/by/3.0/","Exact subject and clean close crop, but the 266×364 source requires roughly 2× enlargement for a 512 px icon.","Exact subject and clean close crop, but the 266×364 source requires roughly 2× enlargement for a 512 px icon.","Reviewed provider spelling or alias: ""NASEERUDIN SHAH"" maps exactly to ""Naseeruddin Shah"". Inventory spelling normalized to Naseeruddin Shah. http://www.bollywoodhungama.com/moviemicro/images/id/542149/type/view/imageid/1456564/category/parties Source license statement: CC BY 3.0.","category-movie-clapperboard-v3","2026-09-19"
"Navv Inder","navv-inder","singer","no_verified_free_portrait","","","","","","","","","No exact freely reusable portrait located.","No exact freely reusable portrait located.","Exact-name Commons bitmap search and English Wikipedia/Wikidata image check on 2026-09-19 found no acceptable file.","category-music-microphone-v3","2026-09-19"
"Nawazuddin Siddiqui","nawazuddin-siddiqui","actor","approved","https://commons.wikimedia.org/wiki/File:Nawazuddin_Siddiqui_at_IFFK_2021_4_(cropped).jpg","https://upload.wikimedia.org/wikipedia/commons/a/a3/Nawazuddin_Siddiqui_at_IFFK_2021_4_%28cropped%29.jpg","Shagil Kannur","25 March 2022 (according to Exif data)","3712","4946","CC-BY-SA-4.0","https://creativecommons.org/licenses/by-sa/4.0/","Exact subject; high-resolution solo portrait with clear hair and shoulder edges.","Exact subject; high-resolution solo portrait with clear hair and shoulder edges.","File-page license and exact identity verified; retain attribution and any ShareAlike obligations. Own work Source license statement: CC BY-SA 4.0.","category-movie-clapperboard-v3","2026-09-19"
"Nayyara Noor","nayyara-noor","singer","no_verified_free_portrait","","","","","","","","","confirmed Commons, Wikidata, Wikipedia-page-image, Flickr, and broad web/image searches found no portrait with verified qualifying rights","No usable portrait located","NO ASSET Available results were press, obituary, album, or social-media images without a reusable license","category-music-microphone-v3","2026-09-19"
"Neha Kakkar","neha-kakkar","singer","approved","https://commons.wikimedia.org/wiki/File:Neha_Kakkar_snapped_at_Miss_World_2024_at_Jio_Convention_Centre,_BKC.jpg","https://upload.wikimedia.org/wikipedia/commons/9/93/Neha_Kakkar_snapped_at_Miss_World_2024_at_Jio_Convention_Centre%2C_BKC.jpg","Bollywood Hungama","","585","878","CC-BY-3.0","https://creativecommons.org/licenses/by/3.0","Neha Kakkar snapped at Miss World 2024 at Jio Convention Centre, BKC","Solo red-carpet portrait; full body but sufficient face detail for a guide-size crop.","No correction needed Exact subject is identified by the Commons file title/description and visually matches the named singer. Attribute author/source, retain license link, and identify background removal/cropping as modifications. Copyright license does not waive personality/publicity rights; use as factual EPG identification, not endorsement, and review local requirements before commercial release. not required; neutral microphone remains safe fallback Source license statement: CC BY 3.0.","category-music-microphone-v3","2026-09-19"
"Noor Jehan","noor-jehan","singer","conditional","https://commons.wikimedia.org/wiki/File:Noor_Jehan_%26_Lata_Mangeshkar.jpg","https://commons.wikimedia.org/wiki/Special:Redirect/file/Noor_Jehan_%26_Lata_Mangeshkar.jpg","RedMiNote","","1500","1500","CC-BY-SA-4.0","https://creativecommons.org/licenses/by-sa/4.0/","confirmed Uploader claims own work for a 1991 archival group photo, but provides no EXIF, source trail, or VRT; related uploads by the same uploader identify newspapers as authors while applying unsupported CC tags","Square group photo with Noor Jehan and Lata Mangeshkar; crop and person identification required","Research identity label normalized from ""Noor Jehan - Pakistani singer and actress, 1926-2000"" to ""Noor Jehan""; keep the identity evidence when reviewing namesakes. HOLD - DO NOT USE YET Do not use without photographer/rightsholder evidence. Humjoli 1946.jpg and Noor Jehan in Zeenat.jpg were also rejected because Pakistan/India public-domain claims lacked a secure U.S. public-domain basis, with Humjoli under deletion review during this audit Source license statement: CC BY-SA 4.0 claimed.","category-music-microphone-v3","2026-09-19"
"Nusrat Fateh Ali Khan","nusrat-fateh-ali-khan","singer","approved","https://commons.wikimedia.org/wiki/File:Nusrat_Fateh_Ali_Khan_(1948-1997).jpg","https://commons.wikimedia.org/wiki/Special:Redirect/file/Nusrat_Fateh_Ali_Khan_(1948-1997).jpg","Thomas Rome","","402","402","CC-BY-2.0","https://creativecommons.org/licenses/by/2.0/","confirmed Flickr license review passed by FlickreviewR 2 on 2025-06-14","Real square portrait but only 402x402 and somewhat soft; acceptable for a small guide icon","APPROVED FOR PORTRAIT DESIGN Keep author credit, source, license link, and modification notice Upstream source: https://www.flickr.com/photos/94855077@N06/8637621327/. Source license statement: CC BY 2.0.","category-music-microphone-v3","2026-09-19"
"Om Puri","om-puri","actor","approved","https://commons.wikimedia.org/wiki/File:OmPuriSept10TIFF.jpg","https://upload.wikimedia.org/wikipedia/commons/e/ee/OmPuriSept10TIFF.jpg","gdcgraphics","September 2010","524","815","CC-BY-SA-2.0","https://creativecommons.org/licenses/by-sa/2.0/","Exact subject; close solo portrait with sufficient resolution and separable background.","Exact subject; close solo portrait with sufficient resolution and separable background.","File-page license and exact identity verified; retain attribution and any ShareAlike obligations. https://www.flickr.com/photos/gdcgraphics/5528572613/ Source license statement: CC BY-SA 2.0.","category-movie-clapperboard-v3","2026-09-19"
"Palak Muchhal","palak-muchhal","singer","approved","https://commons.wikimedia.org/wiki/File:Palak_Muchhal_filmfare.jpg","https://upload.wikimedia.org/wikipedia/commons/b/b2/Palak_Muchhal_filmfare.jpg","Bollywood Hungama","","585","882","CC-BY-3.0","https://creativecommons.org/licenses/by/3.0","Palak Muchal at filmfare","Solo event portrait with a clear face and simple outline.","No correction needed Exact subject is identified by the Commons file title/description and visually matches the named singer. Attribute author/source, retain license link, and identify background removal/cropping as modifications. Copyright license does not waive personality/publicity rights; use as factual EPG identification, not endorsement, and review local requirements before commercial release. not required; neutral microphone remains safe fallback Source license statement: CC BY 3.0.","category-music-microphone-v3","2026-09-19"
"Pammi Bai","pammi-bai","singer","no_verified_free_portrait","","","","","","","","","No exact freely reusable portrait located.","No exact freely reusable portrait located.","Exact-name Commons bitmap search and English Wikipedia/Wikidata image check on 2026-09-19 found no acceptable file.","category-music-microphone-v3","2026-09-19"
"Pankaj Tripathi","pankaj-tripathi","actor","approved","https://commons.wikimedia.org/wiki/File:Pankaj_Tripathi_World_Premiere_Newton_Zoopalast_Berlinale_2017_06.jpg","https://upload.wikimedia.org/wikipedia/commons/5/50/Pankaj_Tripathi_World_Premiere_Newton_Zoopalast_Berlinale_2017_06.jpg","Maximilian Bühn","10 February 2017, 20:37:20","853","1280","CC-BY-SA-4.0","https://creativecommons.org/licenses/by-sa/4.0/","Exact subject; high-resolution solo festival portrait; clean head-and-shoulders crop.","Exact subject; high-resolution solo festival portrait; clean head-and-shoulders crop.","File-page license and exact identity verified; retain attribution and any ShareAlike obligations. Own work Source license statement: CC BY-SA 4.0.","category-movie-clapperboard-v3","2026-09-19"
"Pankaj Udhas","pankaj-udhas","singer","approved","https://commons.wikimedia.org/wiki/File:Pankaj_Udhas_still4.jpg","https://upload.wikimedia.org/wikipedia/commons/e/e5/Pankaj_Udhas_still4.jpg","Bollywood Hungama","","600","896","CC-BY-3.0","https://creativecommons.org/licenses/by/3.0","Shatrughan Sinha, Pankaj Udhas give a tribute to Begum Akhtar","Solo indoor event portrait with good face detail and easy subject separation.","Reviewed provider spelling or alias: ""PANKAJ UDAS"" maps exactly to ""Pankaj Udhas"". Match only as reviewed alias: PANKAJ UDAS → Pankaj Udhas Exact subject is identified by the Commons file title/description and visually matches the named singer. Attribute author/source, retain license link, and identify background removal/cropping as modifications. Copyright license does not waive personality/publicity rights; use as factual EPG identification, not endorsement, and review local requirements before commercial release. not required; neutral microphone remains safe fallback Source license statement: CC BY 3.0.","category-music-microphone-v3","2026-09-19"
"Paresh Rawal","paresh-rawal","actor","approved","https://commons.wikimedia.org/wiki/File:Paresh_Rawal_still4.jpg","https://upload.wikimedia.org/wikipedia/commons/c/c0/Paresh_Rawal_still4.jpg","Bollywood Hungama","Not stated on file page","600","894","CC-BY-3.0","https://creativecommons.org/licenses/by/3.0/","Exact subject; clear solo upper-body portrait with adequate resolution.","Exact subject; clear solo upper-body portrait with adequate resolution.","File-page license and exact identity verified; retain attribution and any ShareAlike obligations. http://www.bollywoodhungama.com/stills/partiesnevents/The_starcast_of_Maan_Gaye_Mughall_E_Azam_on_the_sets_of_Star_Voice_of_India/still46082.html Source license statement: CC BY 3.0.","category-movie-clapperboard-v3","2026-09-19"
"Pav Dharia","pav-dharia","singer","no_verified_free_portrait","","","","","","","","","No exact freely reusable portrait located.","No exact freely reusable portrait located.","Exact-name Commons bitmap search and English Wikipedia/Wikidata image check on 2026-09-19 found no acceptable file.","category-music-microphone-v3","2026-09-19"
"Peter Kay","peter-kay","actor","approved","https://commons.wikimedia.org/wiki/File:Peter_Kay_comedy_masterclass_at_University_of_Salford_12_December_2012.jpg","https://upload.wikimedia.org/wikipedia/commons/f/fd/Peter_Kay_comedy_masterclass_at_University_of_Salford_12_December_2012.jpg","University of Salford Press Office","2012-12-12 14:09:23","4714","3855","CC-BY-2.0","https://creativecommons.org/licenses/by/2.0/","Exact subject at a University of Salford comedy masterclass; high-resolution event frame. Isolate Peter Kay and use a head-and-shoulders crop.","Exact subject at a University of Salford comedy masterclass; high-resolution event frame. Isolate Peter Kay and use a head-and-shoulders crop.","Attribution, license link, and modification notice required. Page metadata also identifies Nick Harrison / Harrisonphair as copyright holder; retain the file-page credit wording when generating final credits. Source license statement: CC BY 2.0.","category-movie-clapperboard-v3","2026-09-19"
"Prajwal Devaraj","prajwal-devaraj","actor","approved","https://commons.wikimedia.org/wiki/File:Prajwal_Devaraj_(2015).jpg","https://upload.wikimedia.org/wikipedia/commons/5/58/Prajwal_Devaraj_(2015).jpg","Jhankar Music","2015-12-26","315","465","CC-BY-3.0","https://creativecommons.org/licenses/by/3.0/","Exact Prajwal Devaraj frame. Resolution is modest, but the vertical portrait should remain recognizable at guide-icon scale.","Exact Prajwal Devaraj frame. Resolution is modest, but the vertical portrait should remain recognizable at guide-icon scale.","The source YouTube video was license-reviewed by Leoboudv on 2025-09-14 and confirmed CC BY 3.0. Attribute Jhankar Music and identify crop/background removal. Source license statement: CC BY 3.0.","category-movie-clapperboard-v3","2026-09-19"
"Preet Harpal","preet-harpal","singer","conditional","https://commons.wikimedia.org/wiki/File:Preet_Harpal.jpg","https://upload.wikimedia.org/wikipedia/commons/1/1d/Preet_Harpal.jpg","News18 Punjab","2023-11-25","388","444","CC-BY-4.0","https://creativecommons.org/licenses/by/4.0/","Exact interview portrait, but only 388 x 444.","Exact interview portrait, but only 388 x 444.","YouTube-origin still licensed on the Commons page as CC BY 4.0. Keep conditional because of modest resolution and reliance on the source channel's license assertion. Source license statement: CC BY 4.0.","category-music-microphone-v3","2026-09-19"
"Prem Chopra","prem-chopra","actor","approved","https://commons.wikimedia.org/wiki/File:Prem_Chopra_speaking.jpg","https://upload.wikimedia.org/wikipedia/commons/d/da/Prem_Chopra_speaking.jpg","Rstv.devesh","3 February 2019, 18:32:00","556","405","CC0-1.0","https://creativecommons.org/publicdomain/zero/1.0/","Exact subject; clear solo speaking portrait; microphone/podium can be excluded below the shoulders.","Exact subject; clear solo speaking portrait; microphone/podium can be excluded below the shoulders.","File-page license and exact identity verified; retain attribution and any ShareAlike obligations. Own work Source license statement: CC0.","category-movie-clapperboard-v3","2026-09-19"
"Prem Dhillon","prem-dhillon","singer","conditional","https://commons.wikimedia.org/wiki/File:Prem_Dhillon_Majha_Block.jpg","https://upload.wikimedia.org/wikipedia/commons/6/65/Prem_Dhillon_Majha_Block.jpg","Kaimz Media","2020-11-20","737","983","CC-BY-3.0","https://creativecommons.org/licenses/by/3.0/","Exact bust portrait with useful resolution, but the subject wears sunglasses.","Exact bust portrait with useful resolution, but the subject wears sunglasses.","YouTube-origin screenshot. Commons lists CC BY 3.0 but the file page does not show the explicit review marker used by stronger reviewed YouTube sources; retain conditionally. Source license statement: CC BY 3.0.","category-music-microphone-v3","2026-09-19"
"Quentin Tarantino","quentin-tarantino","actor","approved","https://commons.wikimedia.org/wiki/File:Quentin_Tarantino_by_Gage_Skidmore.jpg","https://upload.wikimedia.org/wikipedia/commons/0/0b/Quentin_Tarantino_by_Gage_Skidmore.jpg","Gage Skidmore","2015-07-11","2256","3016","CC-BY-SA-3.0","https://creativecommons.org/licenses/by-sa/3.0/","Exact subject at San Diego Comic-Con 2015; high-resolution vertical portrait. Crop face/upper torso; microphone can remain or be excluded by the crop.","Exact subject at San Diego Comic-Con 2015; high-resolution vertical portrait. Crop face/upper torso; microphone can remain or be excluded by the crop.","Attribution, license link, and modification notice required. Any adapted/cutout version must remain under CC BY-SA 3.0 or a compatible license. Source license statement: CC BY-SA 3.0.","category-movie-clapperboard-v3","2026-09-19"
"Qurat-ul-Ain Balouch","qurat-ul-ain-balouch","singer","approved","https://commons.wikimedia.org/wiki/File:Qurat-ul-Ain_Balouch.jpg","https://commons.wikimedia.org/wiki/Special:Redirect/file/Qurat-ul-Ain_Balouch.jpg","Hammad Khan / Hammad Khan's Photography","","2361","3768","CC-BY-2.0","https://creativecommons.org/licenses/by/2.0/","confirmed spelling/punctuation variant Flickr license review passed by FlickreviewR 2 on 2021-01-28","High-resolution stage portrait with excellent crop latitude","APPROVED FOR PORTRAIT DESIGN Keep author credit, source, license link, and modification notice; living-person personality rights remain separate Upstream source: https://www.flickr.com/photos/130424964@N04/30626704013/. Source license statement: CC BY 2.0.","category-music-microphone-v3","2026-09-19"
"Rahat Fateh Ali Khan","rahat-fateh-ali-khan","singer","approved","https://commons.wikimedia.org/wiki/File:Rahat_Fateh_Ali_Khan_in_2024.jpg","https://commons.wikimedia.org/wiki/Special:Redirect/file/Rahat_Fateh_Ali_Khan_in_2024.jpg","Press Information Department, Government of Bangladesh","","536","714","PD-Bangladesh-PID","https://commons.wikimedia.org/wiki/File:Rahat_Fateh_Ali_Khan_in_2024.jpg#Licensing","confirmed Official-government source; Commons identifies the image as a PID employee work made in official duties and quotes PID's public-domain media policy","Recent extracted head-and-shoulders crop; adequate for a small TV-guide icon","Merged exact provider spellings Rahat Fateh Ali Khan and Rahat Fateha Ali Khan into one canonical subject. APPROVED FOR PORTRAIT DESIGN Exact singer identity; public-domain credit is still recommended Upstream source: https://pressinform.gov.bd/sites/default/files/files/pressinform.portal.gov.bd/daily_photo/36c01500_91e8_4453_88aa_7d1a1388cac9/2024-12-22-13-58-cbc76a17d35fef4a1cdfe090bdbadb70.jpg. Source license statement: Public domain - Bangladesh Press Information Department.","category-music-microphone-v3","2026-09-19"
"Rahim Shah","rahim-shah","singer","no_verified_free_portrait","","","","","","","","","confirmed spelling variant Exact-name and spelling-variant searches across Commons, Wikidata, Wikipedia-page-image, Flickr, and the broader web found no verified free portrait; similarly named Commons results depicted other people","No usable portrait located","Research identity label normalized from ""Raheem Shah / Rahim Shah - Pakistani pop singer, born 1975"" to ""Rahim Shah""; keep the identity evidence when reviewing namesakes. NO ASSET Do not substitute unrelated people or unlicensed Pak101, Pakpedia, press, or social-media images","category-music-microphone-v3","2026-09-19"
"Rahul Dev","rahul-dev","actor","approved","https://commons.wikimedia.org/wiki/File:Rahul_Dev_(cropped).jpg","https://upload.wikimedia.org/wikipedia/commons/4/47/Rahul_Dev_%28cropped%29.jpg","Bollywood Hungama","15 December 2014","403","387","CC-BY-3.0","https://creativecommons.org/licenses/by/3.0/","Exact subject; close square crop with clean head and jacket edges.","Exact subject; close square crop with clean head and jacket edges.","File-page license and exact identity verified; retain attribution and any ShareAlike obligations. Bollywoodhungama.com Source license statement: CC BY 3.0.","category-movie-clapperboard-v3","2026-09-19"
"Raj Babbar","raj-babbar","actor","conditional","https://commons.wikimedia.org/wiki/File:Raaj_Babbar.jpg","https://upload.wikimedia.org/wikipedia/commons/d/d7/Raaj_Babbar.jpg","Bollywood Hungama","9 February 2012","179","198","CC-BY-3.0","https://creativecommons.org/licenses/by/3.0/","Exact subject and close portrait, but only 179×198 pixels; use only after quality check at guide size.","Exact subject and close portrait, but only 179×198 pixels; use only after quality check at guide size.","File-page license and exact identity verified; retain attribution and any ShareAlike obligations. Raj Source license statement: CC BY 3.0.","category-movie-clapperboard-v3","2026-09-19"
"Raj Brar","raj-brar","singer","approved","https://commons.wikimedia.org/wiki/File:Raj_Brar.jpg","https://upload.wikimedia.org/wikipedia/commons/9/9c/Raj_Brar.jpg","Rajbrar","2006-10-11","2000","3008","CC-BY-SA-3.0","https://creativecommons.org/licenses/by-sa/3.0/","High-resolution, exact portrait suitable for isolation.","High-resolution, exact portrait suitable for isolation.","Self-published by the account named Rajbrar with extensive identifying description; retain share-alike and disclose changes. Source license statement: CC BY-SA 3.0.","category-music-microphone-v3","2026-09-19"
"Rajendra Kumar","rajendra-kumar","actor","conditional","https://commons.wikimedia.org/wiki/File:Rajendra_Kumar.jpg","https://upload.wikimedia.org/wikipedia/commons/1/12/Rajendra_Kumar.jpg","Unknown photographer, published by BollywoodDirect","unknown (likely 1960s)","201","251","CC-BY-SA-4.0","https://creativecommons.org/licenses/by-sa/4.0/","Exact subject; permission is recorded on Commons, but source is only 201×251 pixels and needs careful upscaling.","Exact subject; permission is recorded on Commons, but source is only 201×251 pixels and needs careful upscaling.","Reviewed provider spelling or alias: ""RAJENDR KUMAR"" maps exactly to ""Rajendra Kumar"". Inventory spelling normalized to Rajendra Kumar; Commons records email-confirmed permission; resolution is the limiting factor. BollywoodDirect Source license statement: CC BY-SA 4.0.","category-movie-clapperboard-v3","2026-09-19"
"Rajesh Khanna","rajesh-khanna","actor","approved","https://commons.wikimedia.org/wiki/File:Rajesh_Khanna_Profile.jpg","https://upload.wikimedia.org/wikipedia/commons/6/6a/Rajesh_Khanna_Profile.jpg","Bollywood Hungama","Not stated on file page","298","439","CC-BY-3.0","https://creativecommons.org/licenses/by/3.0/","Exact subject; existing repository source/cutout is already approved. Preserve it rather than regenerate.","Exact subject; existing repository source/cutout is already approved. Preserve it rather than regenerate.","Existing verified catalog asset: people/rajesh-khanna-cutout-v2.png; keep its current attribution and VRT evidence. Cropped from original: http://www.bollywoodhungama.com/celebritymicro/images/id/5678/category/parties/type/view/imageid/1226332/ Source license statement: CC BY 3.0. An approved cutout for this exact subject already exists in the production icon catalog; preserve it unless a replacement is reviewed intentionally.","category-movie-clapperboard-v3","2026-09-19"
"Rajkummar Rao","rajkummar-rao","actor","approved","https://commons.wikimedia.org/wiki/File:Actor_Rajkummar_Rao.jpg","https://upload.wikimedia.org/wikipedia/commons/4/4d/Actor_Rajkummar_Rao.jpg","Deepak Naik","23 April 2023, 10:15:48","5426","8132","CC0-1.0","https://creativecommons.org/publicdomain/zero/1.0/","Exact subject; very high-resolution CC0 portrait with clean subject separation.","Exact subject; very high-resolution CC0 portrait with clean subject separation.","Reviewed provider spelling or alias: ""RAJKUMAAR RAO"" maps exactly to ""Rajkummar Rao"". Inventory spelling normalized to Rajkummar Rao. https://pixabay.com/photos/actor-rajkumar-rao-rajkumar-rao-7982250/ Source license statement: CC0.","category-movie-clapperboard-v3","2026-09-19"
"Ramesh Aravind","ramesh-aravind","actor","approved","https://commons.wikimedia.org/wiki/File:Ramesh_Aravind.jpg","https://upload.wikimedia.org/wikipedia/commons/7/75/Ramesh_Aravind.jpg","Punithshivanna","2019-11-20 13:35:04","3000","4000","CC-BY-SA-4.0","https://creativecommons.org/licenses/by-sa/4.0/","Exact Ramesh Aravind at a radio interview; high-resolution vertical photograph is well suited to a face/shoulders cutout.","Exact Ramesh Aravind at a radio interview; high-resolution vertical photograph is well suited to a face/shoulders cutout.","Self-published Commons source with matching camera EXIF and explicit depicts statement. Retain attribution, change notice, and share-alike. Source license statement: CC BY-SA 4.0.","category-movie-clapperboard-v3","2026-09-19"
"Ranbir Kapoor","ranbir-kapoor","actor","approved","https://commons.wikimedia.org/wiki/File:Ranbir_Kapoor_in_April_2024.jpg","https://upload.wikimedia.org/wikipedia/commons/0/0b/Ranbir_Kapoor_in_April_2024.jpg","Bollywood Hungama","27 April 2024","585","677","CC-BY-3.0","https://creativecommons.org/licenses/by/3.0/","Exact subject; clean solo mid-shot with enough face detail for a square crop.","Exact subject; clean solo mid-shot with enough face detail for a square crop.","File-page license and exact identity verified; retain attribution and any ShareAlike obligations. https://stat4.bollywoodhungama.in/wp-content/uploads/2024/04/Photos-Ranbir-Kapoor-snapped-at-Kalina-airport-1.jpg Source license statement: CC BY 3.0.","category-movie-clapperboard-v3","2026-09-19"
"Randeep Hooda","randeep-hooda","actor","conditional","https://commons.wikimedia.org/wiki/File:Randeep_Hooda_promote_Old_Spice.jpg","https://upload.wikimedia.org/wikipedia/commons/5/5b/Randeep_Hooda_promote_Old_Spice.jpg","Bollywood Hungama","16 April 2016","229","305","CC-BY-4.0","https://creativecommons.org/licenses/by/4.0/","Exact subject and face-forward crop, but only 229×305 pixels; require an icon-size sharpness check.","Exact subject and face-forward crop, but only 229×305 pixels; require an icon-size sharpness check.","File-page license and exact identity verified; retain attribution and any ShareAlike obligations. http://www.bollywoodhungama.com/more/photos/view/stills/parties-and-events/id/2691314 Source license statement: CC BY 3.0 / CC BY 4.0.","category-movie-clapperboard-v3","2026-09-19"
"Ranjit Bawa","ranjit-bawa","singer","conditional","https://commons.wikimedia.org/wiki/File:Ranjit_Bawa_lnterview.jpg","https://upload.wikimedia.org/wikipedia/commons/b/bf/Ranjit_Bawa_lnterview.jpg","ABP Sanjha","2022-04-23","903","720","CC-BY-3.0","https://creativecommons.org/licenses/by/3.0/","Exact interview still and usable resolution.","Exact interview still and usable resolution.","YouTube-origin screenshot. Commons lists CC BY 3.0, but the raw file page does not expose the explicit review marker seen on the older reviewed ABP Sanjha files; retain conditionally. Source license statement: CC BY 3.0.","category-music-microphone-v3","2026-09-19"
"Ranveer Singh","ranveer-singh","actor","approved","https://commons.wikimedia.org/wiki/File:Ranveer_Singh_in_2023_(1)_(cropped).jpg","https://upload.wikimedia.org/wikipedia/commons/3/32/Ranveer_Singh_in_2023_%281%29_%28cropped%29.jpg","Bollywood Hungama","12 February 2023","308","402","CC-BY-3.0","https://creativecommons.org/licenses/by/3.0/","Exact subject; centered head-and-shoulders crop with adequate face detail.","Exact subject; centered head-and-shoulders crop with adequate face detail.","File-page license and exact identity verified; retain attribution and any ShareAlike obligations. https://stat4.bollywoodhungama.in/wp-content/uploads/2023/02/Photos-Celebs-attend-Sidharth-Malhotra-and-Kiara-Advanis-wedding-reception-48.jpg Source license statement: CC BY 3.0.","category-movie-clapperboard-v3","2026-09-19"
"Ravinder Grewal","ravinder-grewal","singer","conditional","https://commons.wikimedia.org/wiki/File:Ravinder_Singh_Grewal.jpg","https://upload.wikimedia.org/wikipedia/commons/7/72/Ravinder_Singh_Grewal.jpg","Harvinder Chandigarh","2024-03-08","341","512","CC-BY-4.0","https://creativecommons.org/licenses/by/4.0/","Exact conference portrait, but only 341 x 512.","Exact conference portrait, but only 341 x 512.","Commons page clearly identifies the singer at the 33rd World Punjabi Conference. Attribution and change disclosure are required. Source license statement: CC BY 4.0.","category-music-microphone-v3","2026-09-19"
"Rishi Kapoor","rishi-kapoor","actor","conditional","https://commons.wikimedia.org/wiki/File:Rishi_Kapoor.jpg","https://upload.wikimedia.org/wikipedia/commons/1/13/Rishi_Kapoor.jpg","Bollywood Hungama","Not stated on file page","241","314","CC-BY-3.0","https://creativecommons.org/licenses/by/3.0/","Exact subject; clean close portrait, but only 241×314 pixels and requires upscaling.","Exact subject; clean close portrait, but only 241×314 pixels and requires upscaling.","File-page license and exact identity verified; retain attribution and any ShareAlike obligations. https://www.bollywoodhungama.com/news/parties-and-events/premiere-of-do-dooni-chaar/premiere-of-do-dooni-chaar-4/ Source license statement: CC BY 3.0.","category-movie-clapperboard-v3","2026-09-19"
"Runa Laila","runa-laila","singer","approved","https://commons.wikimedia.org/wiki/File:Runa_Laila_2023.jpg","https://commons.wikimedia.org/wiki/Special:Redirect/file/Runa_Laila_2023.jpg","Aashaa","","3000","4000","CC-BY-SA-4.0","https://creativecommons.org/licenses/by-sa/4.0/","confirmed Commons self-published own-work declaration; exact artist named on the file page","High-resolution vertical portrait with excellent crop latitude","APPROVED FOR PORTRAIT DESIGN Keep author credit, source, license link, modification notice, and compatible share-alike terms Source license statement: CC BY-SA 4.0.","category-music-microphone-v3","2026-09-19"
"Saif Ali Khan","saif-ali-khan","actor","approved","https://commons.wikimedia.org/wiki/File:Saif_Ali_Khan_promoting_Jawaani_Jaaneman.jpeg","https://upload.wikimedia.org/wikipedia/commons/9/94/Saif_Ali_Khan_promoting_Jawaani_Jaaneman.jpeg","Bollywood Hungama","2020","286","400","CC-BY-3.0","https://creativecommons.org/licenses/by/3.0/","Exact subject; close solo promotional-event portrait with usable facial detail.","Exact subject; close solo promotional-event portrait with usable facial detail.","File-page license and exact identity verified; retain attribution and any ShareAlike obligations. Image Source license statement: CC BY 3.0.","category-movie-clapperboard-v3","2026-09-19"
"Salman Khan","salman-khan","actor","approved","https://commons.wikimedia.org/wiki/File:Salman_Khan_snapped_at_the_Angry_Young_Men_trailer_launch.jpg","https://upload.wikimedia.org/wikipedia/commons/a/a4/Salman_Khan_snapped_at_the_Angry_Young_Men_trailer_launch.jpg","Bollywood Hungama","22 August 2024","506","542","CC-BY-3.0","https://creativecommons.org/licenses/by/3.0/","Exact subject; centered recent close headshot with clean hair and shoulder edges.","Exact subject; centered recent close headshot with clean hair and shoulder edges.","File-page license and exact identity verified; retain attribution and any ShareAlike obligations. https://www.bollywoodhungama.com/news/parties-and-events/photos-arbaaz-khan-atul-agnihotri-snapped-angry-young-men-trailer-launch-starring-javed-akhtar-salim-khan/photos-salman-khan-arbaaz-khan-atul-agnihotri-and-more-snapped-at-the-angry-young-men-trailer-launch-starring-javed-akhtar-099/ Source license statement: CC BY 3.0.","category-movie-clapperboard-v3","2026-09-19"
"Sanjay Dutt","sanjay-dutt","actor","approved","https://commons.wikimedia.org/wiki/File:Sanjay_dutt_department.jpg","https://upload.wikimedia.org/wikipedia/commons/3/33/Sanjay_dutt_department.jpg","Bollywood Hungama","31 May 2012","585","682","CC-BY-3.0","https://creativecommons.org/licenses/by/3.0/","Exact subject; clear seated solo portrait with usable face scale and outline.","Exact subject; clear seated solo portrait with usable face scale and outline.","File-page license and exact identity verified; retain attribution and any ShareAlike obligations. http://www.bollywoodhungama.com/celebritymicro/images/id/6447/category/parties/type/view/imageid/1433589/ Source license statement: CC BY 3.0.","category-movie-clapperboard-v3","2026-09-19"
"Sanjay Mishra","sanjay-mishra","actor","approved","https://commons.wikimedia.org/wiki/File:Sanjay_Mishra_Guthlee-Ladoo_(cropped).jpg","https://upload.wikimedia.org/wikipedia/commons/d/de/Sanjay_Mishra_Guthlee-Ladoo_%28cropped%29.jpg","Bollywood Hungama","1 August 2023","348","261","CC-BY-3.0","https://creativecommons.org/licenses/by/3.0/","Exact subject; tight head-and-shoulders crop, sufficient for guide-size use.","Exact subject; tight head-and-shoulders crop, sufficient for guide-size use.","File-page license and exact identity verified; retain attribution and any ShareAlike obligations. page direct link Source license statement: CC BY 3.0.","category-movie-clapperboard-v3","2026-09-19"
"Sarbjit Cheema","sarbjit-cheema","singer","conditional","https://commons.wikimedia.org/wiki/File:Sarabjit_Cheema_%28cropped%29.jpg","https://upload.wikimedia.org/wikipedia/commons/0/0f/Sarabjit_Cheema_%28cropped%29.jpg","Jagdeepname","2021-07-27","224","334","CC-BY-SA-4.0","https://creativecommons.org/licenses/by-sa/4.0/","Exact identity, but only 224 x 334 and extracted from a visibly watermarked group photograph.","Exact identity, but only 224 x 334 and extracted from a visibly watermarked group photograph.","Legally free on the Commons page, but not recommended for production. Do not remove the source watermark without a separately reviewed workflow; retain share-alike if used. Source license statement: CC BY-SA 4.0.","category-music-microphone-v3","2026-09-19"
"Sardool Sikander","sardool-sikander","singer","no_verified_free_portrait","","","","","","","","","No verified free Commons portrait located.","No verified free Commons portrait located.","The English Wikipedia article uses a local wikipedia/en image, not a Commons original; it is treated as non-free/fair-use and rejected. Commons exact-name search produced no exact alternative.","category-music-microphone-v3","2026-09-19"
"Satinder Sartaaj","satinder-sartaaj","singer","approved","https://commons.wikimedia.org/wiki/File:Satinder_Sartaaj_%2818th_IIFA_Awards%2C_2017%29.jpg","https://upload.wikimedia.org/wikipedia/commons/9/9d/Satinder_Sartaaj_%2818th_IIFA_Awards%2C_2017%29.jpg","Laura Lee Dooley; extraction/edit by Gpkp","2017-07-15T22:13:00","1458","2580","CC-BY-SA-4.0","https://creativecommons.org/licenses/by-sa/4.0/","Clear, subject-focused, high-resolution event portrait.","Clear, subject-focused, high-resolution event portrait.","Extracted in Photoshop by Commons user Gpkp from Laura Lee Dooley's Flickr photograph. Credit both roles, disclose further edits, and retain share-alike. Source license statement: CC BY-SA 4.0.","category-music-microphone-v3","2026-09-19"
"Satwinder Bitti","satwinder-bitti","singer","no_verified_free_portrait","","","","","","","","","No exact freely reusable portrait located.","No exact freely reusable portrait located.","Exact-name Commons bitmap search and English Wikipedia/Wikidata image check on 2026-09-19 found no acceptable file.","category-music-microphone-v3","2026-09-19"
"Shaan","shaan","singer","approved","https://commons.wikimedia.org/wiki/File:Singer_Shantanu_Mukkerjee_alias_Shaan.jpg","https://upload.wikimedia.org/wikipedia/commons/8/88/Singer_Shantanu_Mukkerjee_alias_Shaan.jpg","CreativoCamaal","","1875","1250","CC-BY-4.0","https://creativecommons.org/licenses/by/4.0","Singer Shantanu Mukkerjee alias Shaan","High-resolution close portrait; clear face and neutral background blur.","Research identity label normalized from ""Shaan (Shantanu Mukherjee)"" to ""Shaan""; keep the identity evidence when reviewing namesakes. Match only as reviewed alias: SHAAN → Shaan (Shantanu Mukherjee) Exact subject is identified by the Commons file title/description and visually matches the named singer. Attribute author/source, retain license link, and identify background removal/cropping as modifications. Copyright license does not waive personality/publicity rights; use as factual EPG identification, not endorsement, and review local requirements before commercial release. not required; neutral microphone remains safe fallback Source license statement: CC BY 4.0.","category-music-microphone-v3","2026-09-19"
"Shakti Kapoor","shakti-kapoor","actor","approved","https://commons.wikimedia.org/wiki/File:01_Shakti_Kapoor_2023_(profile).jpeg","https://upload.wikimedia.org/wikipedia/commons/f/fa/01_Shakti_Kapoor_2023_%28profile%29.jpeg","Ayurvedagram The Heart of Healing","10 April 2023","820","1150","CC-BY-3.0","https://creativecommons.org/licenses/by/3.0/","Exact subject; high-resolution profile portrait with a clean silhouette.","Exact subject; high-resolution profile portrait with a clean silhouette.","File-page license and exact identity verified; retain attribution and any ShareAlike obligations. YouTube: Shakti Kapoor at Ayurvedagram – View/save archived versions on archive.org Source license statement: CC BY 3.0.","category-movie-clapperboard-v3","2026-09-19"
"Shammi Kapoor","shammi-kapoor","actor","conditional","https://commons.wikimedia.org/wiki/File:Shammi_Kapoor_still19.jpg","https://upload.wikimedia.org/wikipedia/commons/9/99/Shammi_Kapoor_still19.jpg","Bollywood Hungama","Not stated on file page","258","276","CC-BY-3.0","https://creativecommons.org/licenses/by/3.0/","Exact subject and close headshot, but only 258×276 pixels; verify softness after enlargement.","Exact subject and close headshot, but only 258×276 pixels; verify softness after enlargement.","File-page license and exact identity verified; retain attribution and any ShareAlike obligations. http://www.bollywoodhungama.com/stills/partiesnevents/Pran%27s_90th_birthday_bash/still97468.html Source license statement: CC BY 3.0.","category-movie-clapperboard-v3","2026-09-19"
"Shankar Nag","shankar-nag","actor","no_verified_free_portrait","","","","","","","","","No exact reusable real portrait was verified. The Commons result is a photograph of a bronze statue, not the real person; File:Shankar.jpg depicts Malayalam actor Shankar Panikkar, not Shankar Nag.","No exact reusable real portrait was verified. The Commons result is a photograph of a bronze statue, not the real person; File:Shankar.jpg depicts Malayalam actor Shankar Panikkar, not Shankar Nag.","Rejected evidence: https://commons.wikimedia.org/wiki/File:Bronze_Statue_of_Shankara_Nag,_80_feet_Road,_TippaSandra_Entrance_Bus_Stop,_Indiranagar,_Bengaluru.jpg and https://commons.wikimedia.org/wiki/File:Shankar.jpg . Use the neutral movie fallback, never the name-collision image.","category-movie-clapperboard-v3","2026-09-19"
"Sharman Joshi","sharman-joshi","actor","approved","https://commons.wikimedia.org/wiki/File:Sharman_Joshi_partyy.jpg","https://upload.wikimedia.org/wikipedia/commons/1/1b/Sharman_Joshi_partyy.jpg","Bollywood Hungama","2010","600","893","CC-BY-3.0","https://creativecommons.org/licenses/by/3.0/","Exact subject; clean solo full-body image. Crop to head/upper chest and verify face sharpness at guide size.","Exact subject; clean solo full-body image. Crop to head/upper chest and verify face sharpness at guide size.","File-page license and exact identity verified; retain attribution and any ShareAlike obligations. Misti Mukherjee's album launch - Still 95811 Source license statement: CC BY 3.0.","category-movie-clapperboard-v3","2026-09-19"
"Sharry Maan","sharry-maan","singer","approved","https://commons.wikimedia.org/wiki/File:Sharry_Mann-_41365566410_%28cropped%29.jpg","https://upload.wikimedia.org/wikipedia/commons/0/08/Sharry_Mann-_41365566410_%28cropped%29.jpg","Andrew Scheer","2018-07-01T18:22:46","1999","2503","CC0-1.0","https://creativecommons.org/publicdomain/zero/1.0/","High-resolution Commons crop from an event photograph explicitly naming Sharry Mann/Maan.","High-resolution Commons crop from an event photograph explicitly naming Sharry Mann/Maan.","Commons marks the source CC0. Filename uses 'Mann', while the audited canonical subject is 'Sharry Maan'; article/Wikidata usage confirms the same performer. Source license statement: CC0 1.0.","category-music-microphone-v3","2026-09-19"
"Shatrughan Sinha","shatrughan-sinha","actor","approved","https://commons.wikimedia.org/wiki/File:Shatrughan_Sinha_00451_(cropped).JPG","https://upload.wikimedia.org/wikipedia/commons/8/8f/Shatrughan_Sinha_00451_%28cropped%29.JPG","Biswarup Ganguly","17 October 2003","1213","1753","CC-BY-SA-3.0","https://creativecommons.org/licenses/by-sa/3.0/","Exact subject; high-resolution close portrait with clear hair and shoulder edges.","Exact subject; high-resolution close portrait with clear hair and shoulder edges.","File-page license and exact identity verified; retain attribution and any ShareAlike obligations. Own work Source license statement: CC BY-SA 3.0 / GFDL.","category-movie-clapperboard-v3","2026-09-19"
"Sheera Jasvir","sheera-jasvir","singer","no_verified_free_portrait","","","","","","","","","No exact freely reusable portrait located.","No exact freely reusable portrait located.","Exact-name Commons bitmap search and English Wikipedia/Wikidata image check on 2026-09-19 found no acceptable file.","category-music-microphone-v3","2026-09-19"
"Shiva Rajkumar","shiva-rajkumar","actor","approved","https://commons.wikimedia.org/wiki/File:ShivR_(cropped).jpg","https://upload.wikimedia.org/wikipedia/commons/6/61/ShivR_(cropped).jpg","Imjustreallytired","2019-01-17","264","334","CC-BY-SA-4.0","https://creativecommons.org/licenses/by-sa/4.0/","Exact Shiva Rajkumar, already extracted from the uploader's File:ShivR.jpg. Low resolution but adequate for a small TV-guide tile.","Exact Shiva Rajkumar, already extracted from the uploader's File:ShivR.jpg. Low resolution but adequate for a small TV-guide tile.","Self-published Commons source. Attribute the photographer, record further crop/background removal, and retain share-alike. Source license statement: CC BY-SA 4.0.","category-movie-clapperboard-v3","2026-09-19"
"Shreya Ghoshal","shreya-ghoshal","singer","approved","https://commons.wikimedia.org/wiki/File:Shreya_ghoshal_song_saali_khushi_(cropped).jpg","https://upload.wikimedia.org/wikipedia/commons/0/0b/Shreya_ghoshal_song_saali_khushi_%28cropped%29.jpg","Bollywood Hungama","","467","622","CC-BY-3.0","https://creativecommons.org/licenses/by/3.0","Shreya ghoshal dubbing a song for 'saali khushi'","Clean cropped solo portrait with a clear face and no embedded watermark over the subject.","No correction needed A heavily branded Behindwoods image was rejected in favor of this cleaner licensed portrait. Attribute author/source, retain license link, and identify background removal/cropping as modifications. Copyright license does not waive personality/publicity rights; use as factual EPG identification, not endorsement, and review local requirements before commercial release. not required; neutral microphone remains safe fallback Source license statement: CC BY 3.0.","category-music-microphone-v3","2026-09-19"
"Sidhu Moose Wala","sidhu-moose-wala","singer","approved","https://commons.wikimedia.org/wiki/File:Sidhu_Moose_Wala_during_the_shooting_of_his_film_Moosa_Jatt_%28cropped%29.jpg","https://upload.wikimedia.org/wikipedia/commons/7/7a/Sidhu_Moose_Wala_during_the_shooting_of_his_film_Moosa_Jatt_%28cropped%29.jpg","Shekha Gill","2020-12-09T13:46:26","2419","2849","CC-BY-SA-4.0","https://creativecommons.org/licenses/by-sa/4.0/","Clear, high-resolution, subject-focused portrait with exact identity.","Clear, high-resolution, subject-focused portrait with exact identity.","Prepared for a future exact match. No Sidhu Moose Wala channel exists in the reviewed inventories, so this source must not be fuzzy-bound to another Sidhu. Uploader-licensed Commons crop from the Moosa Jatt shoot. Attribute Shekha Gill, disclose further edits, and retain CC BY-SA 4.0. Added manually because the subject is absent from the audit snapshot. Source license statement: CC BY-SA 4.0.","category-music-microphone-v3","2026-09-19"
"Sohail Khan","sohail-khan","actor","approved","https://commons.wikimedia.org/wiki/File:SohailKhan.jpg","https://upload.wikimedia.org/wikipedia/commons/5/5c/SohailKhan.jpg","Bollywood Hungama","27 January 2006","585","439","CC-BY-3.0","https://creativecommons.org/licenses/by/3.0/","Exact subject; solo head-and-shoulders event portrait with a straightforward crop.","Exact subject; solo head-and-shoulders event portrait with a straightforward crop.","File-page license and exact identity verified; retain attribution and any ShareAlike obligations. http://www.bollywoodhungama.com/more/photos/view/stills/parties-and-events/id/1143714 Source license statement: CC BY 3.0.","category-movie-clapperboard-v3","2026-09-19"
"Sonu Kakkar","sonu-kakkar","singer","approved","https://commons.wikimedia.org/wiki/File:Sonu_Kakkar.jpg","https://upload.wikimedia.org/wikipedia/commons/a/a4/Sonu_Kakkar.jpg","Bollywood Hungama","","585","881","CC-BY-3.0","https://creativecommons.org/licenses/by/3.0","Sonu Kakkar at NBC newmakers achievers award 2013.","Solo event portrait with adequate face detail and clean full-body silhouette.","No correction needed Exact subject is identified by the Commons file title/description and visually matches the named singer. Attribute author/source, retain license link, and identify background removal/cropping as modifications. Copyright license does not waive personality/publicity rights; use as factual EPG identification, not endorsement, and review local requirements before commercial release. not required; neutral microphone remains safe fallback Source license statement: CC BY 3.0.","category-music-microphone-v3","2026-09-19"
"Sonu Sood","sonu-sood","actor","approved","https://commons.wikimedia.org/wiki/File:IIFA_2017_Green_Carpet_(35586582163).jpg","https://upload.wikimedia.org/wikipedia/commons/e/e5/IIFA_2017_Green_Carpet_%2835586582163%29.jpg","Laura Lee Dooley from Arlington, VA, USA","15 July 2017, 21:37","5184","3456","CC-BY-2.0","https://creativecommons.org/licenses/by/2.0/","Exact subject; high-resolution solo IIFA red-carpet photo with ample crop room.","Exact subject; high-resolution solo IIFA red-carpet photo with ample crop room.","File-page license and exact identity verified; retain attribution and any ShareAlike obligations. IIFA 2017 Green Carpet Source license statement: CC BY 2.0.","category-movie-clapperboard-v3","2026-09-19"
"Steven Seagal","steven-seagal","actor","approved","https://commons.wikimedia.org/wiki/File:Steven_Seagal_by_Gage_Skidmore.jpg","https://upload.wikimedia.org/wikipedia/commons/5/5c/Steven_Seagal_by_Gage_Skidmore.jpg","Gage Skidmore","2012-10-27","2250","2760","CC-BY-SA-3.0","https://creativecommons.org/licenses/by-sa/3.0/","Exact subject in a high-resolution convention portrait; crop face and upper torso while keeping the hairline.","Exact subject in a high-resolution convention portrait; crop face and upper torso while keeping the hairline.","Attribution, license link, and modification notice required. Any adapted/cutout version must remain under CC BY-SA 3.0 or a compatible license. Source license statement: CC BY-SA 3.0.","category-movie-clapperboard-v3","2026-09-19"
"Sudeep","sudeep","actor","approved","https://commons.wikimedia.org/wiki/File:Sudeep_interview_TeachAIDS.jpg","https://upload.wikimedia.org/wikipedia/commons/e/e4/Sudeep_interview_TeachAIDS.jpg","TeachAIDS","2013-03-15 17:54:26","2112","2475","CC-BY-SA-2.0","https://creativecommons.org/licenses/by-sa/2.0/","Exact Kannada actor Sudeep (also credited as Sudeepa) during a TeachAIDS interview; strong portrait-scale source.","Exact Kannada actor Sudeep (also credited as Sudeepa) during a TeachAIDS interview; strong portrait-scale source.","Flickr-origin license was reviewed by FlickreviewR on 2015-06-30. Attribute TeachAIDS, mention the cutout modification, and retain share-alike. Source license statement: CC BY-SA 2.0.","category-movie-clapperboard-v3","2026-09-19"
"Sukhwinder Singh","sukhwinder-singh","singer","conditional","https://commons.wikimedia.org/wiki/File:Sukhwinder_Singh_%28singer%29.jpg","https://upload.wikimedia.org/wikipedia/commons/1/1d/Sukhwinder_Singh_%28singer%29.jpg","Bollywood Hungama","2017-07-08","585","967","CC-BY-3.0","https://creativecommons.org/licenses/by/3.0/","Exact portrait, but Commons explicitly flags a visible digital watermark and the file is only 585 px wide.","Exact portrait, but Commons explicitly flags a visible digital watermark and the file is only 585 px wide.","Bollywood Hungama VRT permission is confirmed, but the watermark makes it unsuitable for the requested clean icon. Do not remove it without a legally reviewed replacement workflow. Source license statement: CC BY 3.0.","category-music-microphone-v3","2026-09-19"
"Sukshinder Shinda","sukshinder-shinda","singer","conditional","https://commons.wikimedia.org/wiki/File:Photoshute_pic_2014-05-08_11-52.jpg","https://upload.wikimedia.org/wikipedia/commons/4/4e/Photoshute_pic_2014-05-08_11-52.jpg","Junu rain khan","2014-05-08 (upload; source date blank)","360","541","CC-BY-SA-3.0","https://creativecommons.org/licenses/by-sa/3.0/","Article/Wikidata usage identifies Sukshinder Shinda, but the file is only 360 x 541 and its description is merely 'photoshute pic'.","Article/Wikidata usage identifies Sukshinder Shinda, but the file is only 360 x 541 and its description is merely 'photoshute pic'.","Uploader claims own work. Weak descriptive provenance and low resolution require human identity/rights review; retain share-alike if used. Source license statement: CC BY-SA 3.0.","category-music-microphone-v3","2026-09-19"
"Sunanda Sharma","sunanda-sharma","singer","approved","https://commons.wikimedia.org/wiki/File:Sunanda_Sharma_%28singer%29.jpg","https://upload.wikimedia.org/wikipedia/commons/a/a4/Sunanda_Sharma_%28singer%29.jpg","Bb Entertainment","2019-12-14","813","893","CC-BY-3.0","https://creativecommons.org/licenses/by/3.0/","Clear, exact close portrait with adequate small-icon resolution.","Clear, exact close portrait with adequate small-icon resolution.","YouTube-origin still; Commons records a completed license review. Source license statement: CC BY 3.0.","category-music-microphone-v3","2026-09-19"
"Sunidhi Chauhan","sunidhi-chauhan","singer","approved","https://commons.wikimedia.org/wiki/File:Sunidhi_Chauhan_performing_in_Delhi.jpg","https://upload.wikimedia.org/wikipedia/commons/c/cb/Sunidhi_Chauhan_performing_in_Delhi.jpg","GaiusAugustine","","900","1500","CC-BY-4.0","https://creativecommons.org/licenses/by/4.0","Indian playback singer Sunidhi Chauhan performing in Delhi for her I AM HOME concert tour","Strong contemporary live-performance portrait with clear facial and body detail.","No correction needed Exact subject is identified by the Commons file title/description and visually matches the named singer. Attribute author/source, retain license link, and identify background removal/cropping as modifications. Copyright license does not waive personality/publicity rights; use as factual EPG identification, not endorsement, and review local requirements before commercial release. not required; neutral microphone remains safe fallback Source license statement: CC BY 4.0.","category-music-microphone-v3","2026-09-19"
"Suniel Shetty","suniel-shetty","actor","approved","https://commons.wikimedia.org/wiki/File:Sunil_Shetty.jpg","https://upload.wikimedia.org/wikipedia/commons/d/d6/Sunil_Shetty.jpg","Vaikoovery","20 November 2011, 08:27:34","2436","3000","CC-BY-3.0","https://creativecommons.org/licenses/by/3.0/","Exact subject; high-resolution solo portrait with clear outline.","Exact subject; high-resolution solo portrait with clear outline.","File-page license and exact identity verified; retain attribution and any ShareAlike obligations. Own work Source license statement: GFDL / CC BY 3.0.","category-movie-clapperboard-v3","2026-09-19"
"Surjit Bindrakhia","surjit-bindrakhia","singer","conditional","https://commons.wikimedia.org/wiki/File:Surjit_Bindrakhia.jpg","https://upload.wikimedia.org/wikipedia/commons/b/b7/Surjit_Bindrakhia.jpg","Gitajbindrakhia","2020-04-28","1320","2048","CC-BY-SA-4.0","https://creativecommons.org/licenses/by-sa/4.0/","Excellent centered portrait and exact identity, but provenance metadata is internally inconsistent.","Excellent centered portrait and exact identity, but provenance metadata is internally inconsistent.","Commons claims 'own work' dated 2020 although Surjit Bindrakhia died in 2003. This is likely later digitization, but the page does not explain it. Require provenance/legal review; retain share-alike if approved. Source license statement: CC BY-SA 4.0.","category-music-microphone-v3","2026-09-19"
"Surjit Khan","surjit-khan","singer","conditional","https://commons.wikimedia.org/wiki/File:Surjit_Khan_Singer.jpg","https://upload.wikimedia.org/wikipedia/commons/c/c2/Surjit_Khan_Singer.jpg","ItsMannatSharma","2021-03-01T15:29:38","1080","1080","CC-BY-SA-4.0","https://creativecommons.org/licenses/by-sa/4.0/","Exact square portrait with useful resolution, but it has the look of promotional artwork and lacks independent provenance on the file page.","Exact square portrait with useful resolution, but it has the look of promotional artwork and lacks independent provenance on the file page.","Uploader claims own work. Require a human ownership/identity check before production; retain share-alike and disclose changes if used. Source license statement: CC BY-SA 4.0.","category-music-microphone-v3","2026-09-19"
"Sushant Singh Rajput","sushant-singh-rajput","actor","approved","https://commons.wikimedia.org/wiki/File:Sushant_Singh_Rajput,_IFFI_2017,_Goa,_India.jpg","https://upload.wikimedia.org/wikipedia/commons/e/e1/Sushant_Singh_Rajput%2C_IFFI_2017%2C_Goa%2C_India.jpg","joegoaukiffi3","26 November 2017, 19:57:38","3648","2736","CC-BY-SA-2.0","https://creativecommons.org/licenses/by-sa/2.0/","Exact subject; existing repository source/cutout is already approved under ShareAlike. Preserve it.","Exact subject; existing repository source/cutout is already approved under ShareAlike. Preserve it.","Existing verified catalog asset: people/sushant-singh-rajput-cutout-v2.png; derivative remains CC BY-SA 2.0. https://www.flickr.com/photos/joegoaukiffi3/38658224691/ Source license statement: CC BY-SA 2.0. An approved cutout for this exact subject already exists in the production icon catalog; preserve it unless a replacement is reviewed intentionally.","category-movie-clapperboard-v3","2026-09-19"
"Tarsem Jassar","tarsem-jassar","singer","conditional","https://commons.wikimedia.org/wiki/File:Tarsem_Jassar.jpg","https://upload.wikimedia.org/wikipedia/commons/0/0d/Tarsem_Jassar.jpg","News18 Punjab","2023-08-26","490","581","CC-BY-3.0","https://creativecommons.org/licenses/by/3.0/","Exact film-promotion portrait, but only 490 x 581.","Exact film-promotion portrait, but only 490 x 581.","YouTube-origin News18 Punjab still. Commons lists CC BY 3.0, but the raw file page does not expose an explicit external-license-review marker; retain conditionally. Source license statement: CC BY 3.0.","category-music-microphone-v3","2026-09-19"
"Tiger Shroff","tiger-shroff","actor","approved","https://commons.wikimedia.org/wiki/File:Tiger_Shroff_in_2019.jpg","https://upload.wikimedia.org/wikipedia/commons/b/b3/Tiger_Shroff_in_2019.jpg","Bollywood Hungama","3 May 2019","449","633","CC-BY-3.0","https://creativecommons.org/licenses/by/3.0/","Exact subject; clean solo upper-body portrait with sufficient face resolution.","Exact subject; clean solo upper-body portrait with sufficient face resolution.","File-page license and exact identity verified; retain attribution and any ShareAlike obligations. Tara Sutaria, Tiger Shroff and Ananya Pandey snapped at Cinepolis event Source license statement: CC BY 3.0.","category-movie-clapperboard-v3","2026-09-19"
"Tom Hardy","tom-hardy","actor","approved","https://commons.wikimedia.org/wiki/File:Tom_Hardy_(41869508740).jpg","https://upload.wikimedia.org/wikipedia/commons/5/5a/Tom_Hardy_(41869508740).jpg","Gage Skidmore","2018-07-20 18:51","5760","3840","CC-BY-SA-2.0","https://creativecommons.org/licenses/by-sa/2.0/","Exact Tom Hardy at the 2018 San Diego Comic-Con Venom panel; very high resolution permits a clean face/shoulders crop.","Exact Tom Hardy at the 2018 San Diego Comic-Con Venom panel; very high resolution permits a clean face/shoulders crop.","Flickr-origin license was reviewed by FlickreviewR 2 on 2018-07-30. Attribute Gage Skidmore and retain share-alike on the derivative. Source license statement: CC BY-SA 2.0.","category-movie-clapperboard-v3","2026-09-19"
"Tulsi Kumar","tulsi-kumar","singer","approved","https://commons.wikimedia.org/wiki/File:Tulsi_Kumar_in_Screen_Awards_2019_(5).jpg","https://upload.wikimedia.org/wikipedia/commons/5/5e/Tulsi_Kumar_in_Screen_Awards_2019_%285%29.jpg","Bollywood Hungama","","585","878","CC-BY-3.0","https://creativecommons.org/licenses/by/3.0","Tulsi Kumar in Screen Awards 2019","Solo red-carpet portrait; full body but recognizable at small display sizes after crop.","No correction needed Exact subject is identified by the Commons file title/description and visually matches the named singer. Attribute author/source, retain license link, and identify background removal/cropping as modifications. Copyright license does not waive personality/publicity rights; use as factual EPG identification, not endorsement, and review local requirements before commercial release. not required; neutral microphone remains safe fallback Source license statement: CC BY 3.0.","category-music-microphone-v3","2026-09-19"
"Tusshar Kapoor","tusshar-kapoor","actor","approved","https://commons.wikimedia.org/wiki/File:Tusshar_Kapoor_%28IIFA-2014-GreenCarpet2_%28306%29.jpg","https://upload.wikimedia.org/wikipedia/commons/6/66/Tusshar_Kapoor_%28IIFA-2014-GreenCarpet2_%28306%29.jpg","Laura Lee Dooley","25 April 2014, 20:42:49","3456","5184","CC-BY-2.0","https://creativecommons.org/licenses/by/2.0/","Exact subject; high-resolution solo IIFA red-carpet portrait with a clean crop.","Exact subject; high-resolution solo IIFA red-carpet portrait with a clean crop.","File-page license and exact identity verified; retain attribution and any ShareAlike obligations. https://www.flickr.com/photos/lauraleedooley/14039063813/ Source license statement: CC BY 2.0.","category-movie-clapperboard-v3","2026-09-19"
"Udit Narayan","udit-narayan","singer","approved","https://commons.wikimedia.org/wiki/File:Singer_Udit_Narayan.jpg","https://upload.wikimedia.org/wikipedia/commons/5/59/Singer_Udit_Narayan.jpg","Camaal Fotografia","","2592","3872","CC-BY-SA-4.0","https://creativecommons.org/licenses/by-sa/4.0","Singer Udit Narayan at Mohammed Rafi Academy","Excellent high-resolution indoor portrait with a large, clear face.","No correction needed Exact subject is identified by the Commons file title/description and visually matches the named singer. Attribute author/source; release distributed cutout adaptation under the same or compatible ShareAlike license; retain license link and change notice. Copyright license does not waive personality/publicity rights; use as factual EPG identification, not endorsement, and review local requirements before commercial release. not required; neutral microphone remains safe fallback Source license statement: CC BY-SA 4.0.","category-music-microphone-v3","2026-09-19"
"Varun Dhawan","varun-dhawan","actor","approved","https://commons.wikimedia.org/wiki/File:Varun_Dhawan_at_Mehboob_Studios_in_2025_(cropped).jpg","https://upload.wikimedia.org/wikipedia/commons/1/15/Varun_Dhawan_at_Mehboob_Studios_in_2025_%28cropped%29.jpg","Bollywood Hungama","22 February 2025","537","584","CC-BY-3.0","https://creativecommons.org/licenses/by/3.0/","Exact subject; recent close crop with adequate detail and clear edges.","Exact subject; recent close crop with adequate detail and clear edges.","File-page license and exact identity verified; retain attribution and any ShareAlike obligations. https://www.bollywoodhungama.com/news/parties-and-events/photos-varun-dhawan-snapped-at-mehboob-studio/varun-dhawan-snapped-at-mehboob-studio-3/ Source license statement: CC BY 3.0.","category-movie-clapperboard-v3","2026-09-19"
"Vidyut Jammwal","vidyut-jammwal","actor","approved","https://commons.wikimedia.org/wiki/File:Vidyut_jamwal1.jpg","https://upload.wikimedia.org/wikipedia/commons/e/e3/Vidyut_jamwal1.jpg","Bollywood Hungama","31 May 2012","585","439","CC-BY-3.0","https://creativecommons.org/licenses/by/3.0/","Exact subject; clean solo event portrait with adequate face scale for a guide icon.","Exact subject; clean solo event portrait with adequate face scale for a guide icon.","This actor appeared before the main alphabetical block in the raw CSV and was added to make the K–V audit complete. http://www.bollywoodhungama.com/celebritymicro/images/id/90975/category/parties/type/view/imageid/1367774/ Source license statement: CC BY 3.0.","category-movie-clapperboard-v3","2026-09-19"
"Vinod Khanna","vinod-khanna","actor","conditional","https://commons.wikimedia.org/wiki/File:Vinod_Khanna_at_Esha_Deol%27s_wedding_at_ISCKON_temple_11_(cropped).jpg","https://upload.wikimedia.org/wikipedia/commons/8/8a/Vinod_Khanna_at_Esha_Deol%27s_wedding_at_ISCKON_temple_11_%28cropped%29.jpg","Bollywood Hungama","4 July 2012","238","340","CC-BY-3.0","https://creativecommons.org/licenses/by/3.0/","Exact subject and clean solo crop, but only 238×340 pixels; verify enlarged result for softness.","Exact subject and clean solo crop, but only 238×340 pixels; verify enlarged result for softness.","Reviewed provider spelling or alias: ""VINOOD KHANNA"" maps exactly to ""Vinod Khanna"". Inventory spelling normalized to Vinod Khanna. http://www.bollywoodhungama.com/more/photos/view/stills/parties-and-events/id/1459459 Source license statement: CC BY 3.0.","category-movie-clapperboard-v3","2026-09-19"
"Vishal Dadlani","vishal-dadlani","singer","approved","https://commons.wikimedia.org/wiki/File:VishalNH77.jpg","https://upload.wikimedia.org/wikipedia/commons/4/4f/VishalNH77.jpg","Vishal.pentagrammer","","558","498","CC-BY-SA-4.0","https://creativecommons.org/licenses/by-sa/4.0","Vishal Dadlani, Bacardi NH7 Weekender 2015, New Delhi","Clear close live-performance portrait; face is visible despite sunglasses and stage lighting.","No correction needed The initially found backlit silhouette was rejected; this alternate file has a clearly visible face and exact-subject description. Attribute author/source; release distributed cutout adaptation under the same or compatible ShareAlike license; retain license link and change notice. Copyright license does not waive personality/publicity rights; use as factual EPG identification, not endorsement, and review local requirements before commercial release. not required; neutral microphone remains safe fallback Source license statement: CC BY-SA 4.0.","category-music-microphone-v3","2026-09-19"
"Vishnuvardhan","vishnuvardhan","actor","approved","https://commons.wikimedia.org/wiki/File:Vishnuvardhan_5.jpg","https://upload.wikimedia.org/wikipedia/commons/6/6c/Vishnuvardhan_5.jpg","Ravvi1910","2006-06-15 (parent photograph; crop uploaded 2024-09-10)","454","600","CC-BY-SA-4.0","https://creativecommons.org/licenses/by-sa/4.0/","Exact Kannada actor Vishnuvardhan; portrait crop extracted from the uploader's 2816x2112 on-set photograph File:Sirivantha 2007.jpg.","Exact Kannada actor Vishnuvardhan; portrait crop extracted from the uploader's 2816x2112 on-set photograph File:Sirivantha 2007.jpg.","Parent file is documented as uploader-owned, has matching 2006 camera EXIF, and is CC BY-SA 4.0. Retain attribution, share-alike, and crop/removal notice. Source license statement: CC BY-SA 4.0.","category-movie-clapperboard-v3","2026-09-19"
"Vivek Oberoi","vivek-oberoi","actor","approved","https://commons.wikimedia.org/wiki/File:Vivek_Oberoi_(2014)_01.jpg","https://upload.wikimedia.org/wikipedia/commons/0/03/Vivek_Oberoi_%282014%29_01.jpg","Laura Lee Dooley; derivative edit by Gpkp","26 July 2024, 19:03:15","2485","3426","CC-BY-2.0","https://creativecommons.org/licenses/by/2.0/","Exact subject; high-resolution solo IIFA portrait with ample crop room.","Exact subject; high-resolution solo IIFA portrait with ample crop room.","File-page license and exact identity verified; retain attribution and any ShareAlike obligations. File:Vivek Oberoi and Priyanka Alva Oberoi (IIFA-2014-GreenCarpet2 (285).jpg Flickr Source license statement: CC BY 2.0.","category-movie-clapperboard-v3","2026-09-19"
"Will Ferrell","will-ferrell","actor","approved","https://commons.wikimedia.org/wiki/File:Will_Ferrell_2013.jpg","https://upload.wikimedia.org/wikipedia/commons/3/38/Will_Ferrell_2013.jpg","Eva Rinaldi","2013-11-24 17:37","1000","1559","CC-BY-SA-2.0","https://creativecommons.org/licenses/by-sa/2.0/","Exact subject at the Anchorman 2 Australian premiere; portrait orientation. Use a centered face-and-shoulders crop.","Exact subject at the Anchorman 2 Australian premiere; portrait orientation. Use a centered face-and-shoulders crop.","Attribution, license link, and modification notice required. Any adapted/cutout version must remain under CC BY-SA 2.0 or a compatible license. File page carries a personality-rights notice. Source license statement: CC BY-SA 2.0.","category-movie-clapperboard-v3","2026-09-19"
"Yuvraj Hans","yuvraj-hans","singer","conditional","https://commons.wikimedia.org/wiki/File:Yuvraj_and_Hans_Raj_Hans.jpg","https://upload.wikimedia.org/wikipedia/commons/9/93/Yuvraj_and_Hans_Raj_Hans.jpg","AshKaur","2012-10-26","600","800","CC0-1.0","https://creativecommons.org/publicdomain/zero/1.0/","Exact Yuvraj Hans identification, but the source is a two-person photograph with Hans Raj Hans and only 600 px width.","Exact Yuvraj Hans identification, but the source is a two-person photograph with Hans Raj Hans and only 600 px width.","Uploader dedicates the file CC0. Human cropping is needed to avoid assigning the wrong face; verify Yuvraj's position before any cutout. Source license statement: CC0 1.0.","category-music-microphone-v3","2026-09-19"
